[
    {
        "id": "A01-164144",
        "date": "2022.12.20",
        "name": "-",
        "condition": "신규",
        "business": "[인천] 서구 2022년 청년기업 인증 신청기업 모집 공고",
        "startDate": "2022.12.10",
        "endDate": "2022.12.26",
        "quantity": 9,
        "price": "15100원"
    },
    {
        "id": "A02-93444",
        "date": "2022.12.20",
        "name": "이상민",
        "condition": "신규",
        "business": "2022년 서울핀테크랩 멤버십 기업 모집",
        "startDate": "2022.12.11",
        "endDate": "2022.12.31",
        "quantity": 13,
        "price": "381500원"
    },
    {
        "id": "A03-735",
        "date": "2022.12.20",
        "name": "이철호",
        "condition": "임시저장",
        "business": "삼육대학교 창업보육센터 입주기업 모집",
        "startDate": "2022.12.12",
        "endDate": "2022.12.26",
        "quantity": 14,
        "price": "540700원"
    },
    {
        "id": "A04-184",
        "date": "2022.12.20",
        "name": "김철민",
        "condition": "임시저장",
        "business": "여성 창업가 성장 지원 프로그램 WE Project 2기 참여기업 모집",
        "startDate": "2022.12.10",
        "endDate": "2022.12.25",
        "quantity": 4,
        "price": "68200원"
    },
    {
        "id": "A05-1596",
        "date": "2022.12.20",
        "name": "김철민",
        "condition": "작성중",
        "business": "[마포청년나루 창업특강] START-UP IR피칭 기술 2차 교육생 모집",
        "startDate": "2022.12.13",
        "endDate": "2022.12.26",
        "quantity": 4,
        "price": "235800원"
    },
    {
        "id": "A04-164",
        "date": "2022.12.20",
        "name": "김철민",
        "condition": "완료",
        "business": "2022 RE:BREATHE[리브리드] 소셜벤처 재도전 프로그램 데모데이 참가 모집",
        "startDate": "2022.12.12",
        "endDate": "2022.12.23",
        "quantity": 8,
        "price": "29800원"
    },
    {
        "id": "A04-167",
        "date": "2022.12.20",
        "name": "김철민",
        "condition": "완료",
        "business": "2022년 청년기업 인증 신청기업 모집 공고",
        "startDate": "2022.12.10",
        "endDate": "2022.12.26",
        "quantity": 14,
        "price": "996000원"
    },
    {
        "id": "A04-168",
        "date": "2022.12.20",
        "name": "김철민",
        "condition": "완료",
        "business": "서울핀테크랩 멤버십 기업 모집",
        "startDate": "2022.12.10",
        "endDate": "2022.12.24",
        "quantity": 6,
        "price": "971600원"
    },
    {
        "id": "A04-166",
        "date": "2022.12.20",
        "name": "김철민",
        "condition": "완료",
        "business": "삼육대학교 창업보육센터 입주기업 모집",
        "startDate": "2022.12.13",
        "endDate": "2022.12.26",
        "quantity": 6,
        "price": "44100원"
    },
    {
        "id": "A04-169",
        "date": "2022.12.20",
        "name": "김철민",
        "condition": "완료",
        "business": "2022 RE:BREATHE[리브리드] 소셜벤처 재도전 프로그램 데모데이 참가 모집",
        "startDate": "2022.12.12",
        "endDate": "2022.12.25",
        "quantity": 5,
        "price": "828800원"
    },
    {
        "id": "A04-177",
        "date": "2022.12.20",
        "name": "김철민",
        "condition": "완료",
        "business": "2022년 청년기업 인증 신청기업 모집 공고",
        "startDate": "2022.12.10",
        "endDate": "2022.12.26",
        "quantity": 11,
        "price": "709700원"
    },
    {
        "id": "A04-131",
        "date": "2022.12.20",
        "name": "김철민",
        "condition": "완료",
        "business": "서울핀테크랩 멤버십 기업 모집",
        "startDate": "2022.12.12",
        "endDate": "2022.12.24",
        "quantity": 5,
        "price": "317300원"
    },
    {
        "id": "A04-122",
        "date": "2022.12.20",
        "name": "이철호",
        "condition": "완료",
        "business": "[인천] 서구 2022년 청년기업 인증 신청기업 모집 공고",
        "startDate": "2022.12.10",
        "endDate": "2022.12.26",
        "quantity": 13,
        "price": "460500원"
    },
    {
        "id": "A04-135",
        "date": "2022.12.20",
        "name": "김철민",
        "condition": "완료",
        "business": "2022년 서울핀테크랩 멤버십 기업 모집",
        "startDate": "2022.12.10",
        "endDate": "2022.12.31",
        "quantity": 4,
        "price": "555400원"
    },
    {
        "id": "A03-722",
        "date": "2022.12.20",
        "name": "김철민",
        "condition": "완료",
        "business": "삼육대학교 창업보육센터 입주기업 모집",
        "startDate": "2022.12.13",
        "endDate": "2022.12.25",
        "quantity": 2,
        "price": "70600원"
    },
    {
        "id": "A03-711",
        "date": "2022.12.20",
        "name": "김철민",
        "condition": "완료",
        "business": "여성 창업가 성장 지원 프로그램 WE Project 2기 참여기업 모집",
        "startDate": "2022.12.10",
        "endDate": "2022.12.24",
        "quantity": 1,
        "price": "899000원"
    },
    {
        "id": "A05-1222",
        "date": "2022.12.20",
        "name": "김철민",
        "condition": "완료",
        "business": "[마포청년나루 창업특강] START-UP IR피칭 기술 2차 교육생 모집",
        "startDate": "2022.12.12",
        "endDate": "2022.12.26",
        "quantity": 20,
        "price": "969300원"
    },
    {
        "id": "A05-1212",
        "date": "2022.12.20",
        "name": "김철민",
        "condition": "완료",
        "business": "2022 RE:BREATHE[리브리드] 소셜벤처 재도전 프로그램 데모데이 참가 모집",
        "startDate": "2022.12.11",
        "endDate": "2022.12.25",
        "quantity": 14,
        "price": "654700원"
    },
    {
        "id": "A01-111212",
        "date": "2022.12.20",
        "name": "김철민",
        "condition": "완료",
        "business": "2022년 청년기업 인증 신청기업 모집 공고",
        "startDate": "2022.12.15",
        "endDate": "2022.12.23",
        "quantity": 9,
        "price": "551800원"
    },
    {
        "id": "A01-211212",
        "date": "2022.12.20",
        "name": "김철민",
        "condition": "완료",
        "business": "서울핀테크랩 멤버십 기업 모집",
        "startDate": "2022.12.11",
        "endDate": "2022.12.24",
        "quantity": 16,
        "price": "226800원"
    }
]
