[
    {
        "id": "#Cust20",
        "date": "2024-03-28",
        "name": "Kim",
        "condition": "China",
        "business": "china.png",
        "product": "IPad Air",
        "color": "Green",
        "quantity": 14,
        "price": "196600"
    },
    {
        "id": "#Cust21",
        "date": "2024-03-27",
        "name": "Lawrence",
        "condition": "Singapore",
        "business": "singapore.png",
        "product": "LG G3",
        "color": "Pink",
        "quantity": 17,
        "price": "106000"
    },
    {
        "id": "#Cust22",
        "date": "2024-03-26",
        "name": "Lawrence",
        "condition": "Japan",
        "business": "japan.png",
        "product": "IPad Air",
        "color": "Orange",
        "quantity": 4,
        "price": "255800"
    },
    {
        "id": "#Cust23",
        "date": "2024-03-25",
        "name": "Anna",
        "condition": "Japan",
        "business": "japan.png",
        "product": "IPhone 5S",
        "color": "Gray",
        "quantity": 20,
        "price": "552300"
    },
    {
        "id": "#Cust24",
        "date": "2024-03-24",
        "name": "Kim",
        "condition": "Singapore",
        "business": "singapore.png",
        "product": "LG G3",
        "color": "Gray",
        "quantity": 11,
        "price": "921400"
    },
    {
        "id": "#Cust25",
        "date": "2024-03-23",
        "name": "Steve",
        "condition": "Ireland",
        "business": "ireland.png",
        "product": "IPad Air",
        "color": "Orange",
        "quantity": 7,
        "price": "183600"
    },
    {
        "id": "#Cust26",
        "date": "2024-03-22",
        "name": "Steve",
        "condition": "Italy",
        "business": "italy.png",
        "product": "IPad Air",
        "color": "Pink",
        "quantity": 17,
        "price": "335600"
    },
    {
        "id": "#Cust27",
        "date": "2024-03-21",
        "name": "Anna",
        "condition": "Italy",
        "business": "italy.png",
        "product": "Galaxy Note3",
        "color": "Gray",
        "quantity": 15,
        "price": "904900"
    },
    {
        "id": "#Cust28",
        "date": "2024-03-20",
        "name": "Steve",
        "condition": "China",
        "business": "china.png",
        "product": "IPhone 5S",
        "color": "Pink",
        "quantity": 7,
        "price": "82300"
    },
    {
        "id": "#Cust29",
        "date": "2024-03-19",
        "name": "Steve",
        "condition": "USA",
        "business": "usa.png",
        "product": "Galaxy Note3",
        "color": "Blue",
        "quantity": 7,
        "price": "225000"
    },
    {
        "id": "#Cust30",
        "date": "2024-03-18",
        "name": "Anna",
        "condition": "Ireland",
        "business": "ireland.png",
        "product": "Galaxy S5",
        "color": "Orange",
        "quantity": 17,
        "price": "593400"
    },
    {
        "id": "#Cust31",
        "date": "2024-03-17",
        "name": "Kim",
        "condition": "Italy",
        "business": "italy.png",
        "product": "Galaxy Note3",
        "color": "Gray",
        "quantity": 5,
        "price": "583400"
    },
    {
        "id": "#Cust32",
        "date": "2024-03-16",
        "name": "Jennifer",
        "condition": "China",
        "business": "china.png",
        "product": "Galaxy Note3",
        "color": "Green",
        "quantity": 5,
        "price": "496200"
    },
    {
        "id": "#Cust33",
        "date": "2024-03-15",
        "name": "Emma",
        "condition": "USA",
        "business": "usa.png",
        "product": "IPad Air",
        "color": "Green",
        "quantity": 9,
        "price": "882300"
    },
    {
        "id": "#Cust34",
        "date": "2024-03-14",
        "name": "Kim",
        "condition": "Japan",
        "business": "japan.png",
        "product": "IPhone 5S",
        "color": "Blue",
        "quantity": 14,
        "price": "350000"
    },
    {
        "id": "#Cust35",
        "date": "2024-03-13",
        "name": "Kim",
        "condition": "Japan",
        "business": "japan.png",
        "product": "Galaxy Note3",
        "color": "Pink",
        "quantity": 3,
        "price": "484400"
    },
    {
        "id": "#Cust36",
        "date": "2024-03-12",
        "name": "Emma",
        "condition": "USA",
        "business": "usa.png",
        "product": "IPhone 5S",
        "color": "Yellow",
        "quantity": 1,
        "price": "228100"
    },
    {
        "id": "#Cust37",
        "date": "2024-03-11",
        "name": "Kim",
        "condition": "China",
        "business": "china.png",
        "product": "Galaxy S5",
        "color": "Green",
        "quantity": 17,
        "price": "442500"
    },
    {
        "id": "#Cust38",
        "date": "2024-03-10",
        "name": "Steve",
        "condition": "Singapore",
        "business": "singapore.png",
        "product": "Galaxy S5",
        "color": "Green",
        "quantity": 8,
        "price": "624200"
    },
    {
        "id": "#Cust39",
        "date": "2024-03-09",
        "name": "Emma",
        "condition": "UK",
        "business": "uk.png",
        "product": "Galaxy S5",
        "color": "Gray",
        "quantity": 18,
        "price": "912200"
    }
]