[{"id":"#Cust0","date":"2014-10-08","name":"Anna","country":"Japan","flag":"japan.png","product":"LG G3","color":"Green","quantity":3,"price":500000},{"id":"#Cust1","date":"2014-10-07","name":"Emma","country":"Korea","flag":"korea.png","product":"Galaxy Note3","color":"Orange","quantity":1,"price":52700},{"id":"#Cust2","date":"2014-10-06","name":"Steve","country":"China","flag":"china.png","product":"Galaxy Note3","color":"Violet","quantity":10,"price":287100},{"id":"#Cust3","date":"2014-10-05","name":"Kim","country":"Ireland","flag":"ireland.png","product":"Galaxy Note3","color":"Gray","quantity":12,"price":368700},{"id":"#Cust4","date":"2014-10-04","name":"Lowrence","country":"Ireland","flag":"ireland.png","product":"IPhone 5S","color":"Yellow","quantity":12,"price":188800},{"id":"#Cust5","date":"2014-10-03","name":"Steve","country":"Italy","flag":"italy.png","product":"IPhone 5S","color":"Green","quantity":15,"price":425800},{"id":"#Cust6","date":"2014-10-02","name":"Jennifer","country":"Japan","flag":"japan.png","product":"Galaxy Note3","color":"Gray","quantity":7,"price":199100},{"id":"#Cust7","date":"2014-10-01","name":"Anna","country":"China","flag":"china.png","product":"LG G3","color":"Blue","quantity":10,"price":870800},{"id":"#Cust8","date":"2014-09-30","name":"Kim","country":"Korea","flag":"korea.png","product":"IPhone 5S","color":"Pink","quantity":1,"price":379900},{"id":"#Cust9","date":"2014-09-29","name":"Kim","country":"UK","flag":"uk.png","product":"LG G3","color":"Yellow","quantity":9,"price":848000},{"id":"#Cust10","date":"2014-09-28","name":"Emma","country":"UK","flag":"uk.png","product":"Galaxy S5","color":"Green","quantity":9,"price":701900},{"id":"#Cust11","date":"2014-09-27","name":"Anna","country":"China","flag":"china.png","product":"Galaxy Note3","color":"Pink","quantity":10,"price":605300},{"id":"#Cust12","date":"2014-09-26","name":"Jennifer","country":"USA","flag":"usa.png","product":"IPad Air","color":"Yellow","quantity":3,"price":158100},{"id":"#Cust13","date":"2014-09-25","name":"Lowrence","country":"France","flag":"france.png","product":"IPad Air","color":"Pink","quantity":1,"price":453600},{"id":"#Cust14","date":"2014-09-24","name":"Kim","country":"Japan","flag":"japan.png","product":"IPhone 5S","color":"Green","quantity":7,"price":254800},{"id":"#Cust15","date":"2014-09-23","name":"Emma","country":"China","flag":"china.png","product":"LG G3","color":"Green","quantity":10,"price":617500},{"id":"#Cust16","date":"2014-09-22","name":"Emma","country":"Italy","flag":"italy.png","product":"IPad Air","color":"Blue","quantity":15,"price":140800},{"id":"#Cust17","date":"2014-09-21","name":"Kim","country":"USA","flag":"usa.png","product":"Galaxy S5","color":"Yellow","quantity":3,"price":215000},{"id":"#Cust18","date":"2014-09-20","name":"Steve","country":"Ireland","flag":"ireland.png","product":"IPhone 5S","color":"Green","quantity":12,"price":3500},{"id":"#Cust19","date":"2014-09-19","name":"Han","country":"UK","flag":"uk.png","product":"Galaxy S5","color":"Violet","quantity":9,"price":589400},{"id":"#Cust20","date":"2014-09-18","name":"Steve","country":"Singapore","flag":"singapore.png","product":"IPhone 5S","color":"Yellow","quantity":20,"price":505300},{"id":"#Cust21","date":"2014-09-17","name":"Lowrence","country":"Japan","flag":"japan.png","product":"IPhone 5S","color":"Green","quantity":7,"price":737100},{"id":"#Cust22","date":"2014-09-16","name":"Steve","country":"Singapore","flag":"singapore.png","product":"IPad Air","color":"Gray","quantity":20,"price":141000},{"id":"#Cust23","date":"2014-09-15","name":"Lowrence","country":"France","flag":"france.png","product":"Galaxy Note3","color":"Yellow","quantity":1,"price":332900},{"id":"#Cust24","date":"2014-09-14","name":"Emma","country":"Ireland","flag":"ireland.png","product":"IPad Air","color":"Blue","quantity":12,"price":190700},{"id":"#Cust25","date":"2014-09-13","name":"Lowrence","country":"China","flag":"china.png","product":"IPhone 5S","color":"Violet","quantity":10,"price":263100},{"id":"#Cust26","date":"2014-09-12","name":"Kim","country":"Singapore","flag":"singapore.png","product":"Galaxy S5","color":"Yellow","quantity":20,"price":521100},{"id":"#Cust27","date":"2014-09-11","name":"Lowrence","country":"Ireland","flag":"ireland.png","product":"LG G3","color":"Blue","quantity":12,"price":721800},{"id":"#Cust28","date":"2014-09-10","name":"Jennifer","country":"France","flag":"france.png","product":"Galaxy Note3","color":"Blue","quantity":1,"price":175200},{"id":"#Cust29","date":"2014-09-09","name":"Kim","country":"Ireland","flag":"ireland.png","product":"IPad Air","color":"Pink","quantity":12,"price":543400},{"id":"#Cust30","date":"2014-09-08","name":"Kim","country":"Ireland","flag":"ireland.png","product":"Galaxy S5","color":"Green","quantity":12,"price":765600},{"id":"#Cust31","date":"2014-09-07","name":"Jennifer","country":"France","flag":"france.png","product":"Galaxy S5","color":"Violet","quantity":1,"price":672700},{"id":"#Cust32","date":"2014-09-06","name":"Kim","country":"China","flag":"china.png","product":"Galaxy S5","color":"Yellow","quantity":10,"price":489900},{"id":"#Cust33","date":"2014-09-05","name":"Emma","country":"Singapore","flag":"singapore.png","product":"LG G3","color":"Pink","quantity":20,"price":887600},{"id":"#Cust34","date":"2014-09-04","name":"Anna","country":"France","flag":"france.png","product":"LG G3","color":"Green","quantity":1,"price":327900},{"id":"#Cust35","date":"2014-09-03","name":"Anna","country":"Ireland","flag":"ireland.png","product":"LG G3","color":"Orange","quantity":12,"price":985500},{"id":"#Cust36","date":"2014-09-02","name":"Lowrence","country":"China","flag":"china.png","product":"Galaxy Note3","color":"Yellow","quantity":10,"price":846500},{"id":"#Cust37","date":"2014-09-01","name":"Lowrence","country":"Japan","flag":"japan.png","product":"Galaxy Note3","color":"Pink","quantity":7,"price":190700},{"id":"#Cust38","date":"2014-08-31","name":"Steve","country":"Japan","flag":"japan.png","product":"Galaxy Note3","color":"Pink","quantity":7,"price":994700},{"id":"#Cust39","date":"2014-08-30","name":"Kim","country":"USA","flag":"usa.png","product":"Galaxy Note3","color":"Blue","quantity":3,"price":190900},{"id":"#Cust40","date":"2014-08-29","name":"Emma","country":"Italy","flag":"italy.png","product":"IPad Air","color":"Orange","quantity":15,"price":93000},{"id":"#Cust41","date":"2014-08-28","name":"Lowrence","country":"Singapore","flag":"singapore.png","product":"IPad Air","color":"Violet","quantity":20,"price":6700},{"id":"#Cust42","date":"2014-08-27","name":"Anna","country":"Japan","flag":"japan.png","product":"IPad Air","color":"Blue","quantity":7,"price":146600},{"id":"#Cust43","date":"2014-08-26","name":"Lowrence","country":"UK","flag":"uk.png","product":"IPad Air","color":"Blue","quantity":9,"price":4300},{"id":"#Cust44","date":"2014-08-25","name":"Lowrence","country":"Italy","flag":"italy.png","product":"IPhone 5S","color":"Orange","quantity":15,"price":52800},{"id":"#Cust45","date":"2014-08-24","name":"Emma","country":"Korea","flag":"korea.png","product":"IPad Air","color":"Yellow","quantity":1,"price":796500},{"id":"#Cust46","date":"2014-08-23","name":"Kim","country":"Italy","flag":"italy.png","product":"IPad Air","color":"Gray","quantity":15,"price":32300},{"id":"#Cust47","date":"2014-08-22","name":"Steve","country":"France","flag":"france.png","product":"IPad Air","color":"Yellow","quantity":1,"price":779000},{"id":"#Cust48","date":"2014-08-21","name":"Lowrence","country":"China","flag":"china.png","product":"IPhone 5S","color":"Yellow","quantity":10,"price":398900},{"id":"#Cust49","date":"2014-08-20","name":"Anna","country":"USA","flag":"usa.png","product":"Galaxy Note3","color":"Violet","quantity":3,"price":294900},{"id":"#Cust50","date":"2014-08-19","name":"Kim","country":"Singapore","flag":"singapore.png","product":"Galaxy Note3","color":"Yellow","quantity":20,"price":46700},{"id":"#Cust51","date":"2014-08-18","name":"Steve","country":"Italy","flag":"italy.png","product":"Galaxy Note3","color":"Gray","quantity":15,"price":893200},{"id":"#Cust52","date":"2014-08-17","name":"Steve","country":"China","flag":"china.png","product":"IPad Air","color":"Blue","quantity":10,"price":241900},{"id":"#Cust53","date":"2014-08-16","name":"Kim","country":"China","flag":"china.png","product":"Galaxy S5","color":"Yellow","quantity":10,"price":628100},{"id":"#Cust54","date":"2014-08-15","name":"Lowrence","country":"Korea","flag":"korea.png","product":"IPhone 5S","color":"Blue","quantity":1,"price":411600},{"id":"#Cust55","date":"2014-08-14","name":"Anna","country":"Japan","flag":"japan.png","product":"Galaxy Note3","color":"Gray","quantity":7,"price":54600},{"id":"#Cust56","date":"2014-08-13","name":"Jennifer","country":"Ireland","flag":"ireland.png","product":"Galaxy Note3","color":"Pink","quantity":12,"price":898300},{"id":"#Cust57","date":"2014-08-12","name":"Lowrence","country":"France","flag":"france.png","product":"LG G3","color":"Green","quantity":1,"price":662300},{"id":"#Cust58","date":"2014-08-11","name":"Jennifer","country":"Singapore","flag":"singapore.png","product":"Galaxy Note3","color":"Gray","quantity":20,"price":985400},{"id":"#Cust59","date":"2014-08-10","name":"Emma","country":"Ireland","flag":"ireland.png","product":"Galaxy Note3","color":"Gray","quantity":12,"price":695100},{"id":"#Cust60","date":"2014-08-09","name":"Anna","country":"UK","flag":"uk.png","product":"IPhone 5S","color":"Gray","quantity":9,"price":305100},{"id":"#Cust61","date":"2014-08-08","name":"Emma","country":"France","flag":"france.png","product":"IPad Air","color":"Gray","quantity":1,"price":880700},{"id":"#Cust62","date":"2014-08-07","name":"Anna","country":"France","flag":"france.png","product":"LG G3","color":"Gray","quantity":1,"price":893200},{"id":"#Cust63","date":"2014-08-06","name":"Jennifer","country":"Italy","flag":"italy.png","product":"Galaxy S5","color":"Pink","quantity":15,"price":291800},{"id":"#Cust64","date":"2014-08-05","name":"Lowrence","country":"Ireland","flag":"ireland.png","product":"Galaxy S5","color":"Pink","quantity":12,"price":724500},{"id":"#Cust65","date":"2014-08-04","name":"Kim","country":"USA","flag":"usa.png","product":"IPad Air","color":"Violet","quantity":3,"price":736100},{"id":"#Cust66","date":"2014-08-03","name":"Steve","country":"USA","flag":"usa.png","product":"LG G3","color":"Green","quantity":3,"price":342100},{"id":"#Cust67","date":"2014-08-02","name":"Jennifer","country":"UK","flag":"uk.png","product":"IPhone 5S","color":"Violet","quantity":9,"price":99900},{"id":"#Cust68","date":"2014-08-01","name":"Lowrence","country":"Ireland","flag":"ireland.png","product":"Galaxy S5","color":"Violet","quantity":12,"price":716100},{"id":"#Cust69","date":"2014-07-31","name":"Kim","country":"UK","flag":"uk.png","product":"Galaxy Note3","color":"Orange","quantity":9,"price":230200},{"id":"#Cust70","date":"2014-07-30","name":"Lowrence","country":"Ireland","flag":"ireland.png","product":"Galaxy Note3","color":"Blue","quantity":12,"price":65100},{"id":"#Cust71","date":"2014-07-29","name":"Lowrence","country":"Japan","flag":"japan.png","product":"Galaxy Note3","color":"Yellow","quantity":7,"price":190900},{"id":"#Cust72","date":"2014-07-28","name":"Steve","country":"Japan","flag":"japan.png","product":"Galaxy S5","color":"Green","quantity":7,"price":330700},{"id":"#Cust73","date":"2014-07-27","name":"Kim","country":"France","flag":"france.png","product":"IPhone 5S","color":"Pink","quantity":1,"price":411400},{"id":"#Cust74","date":"2014-07-26","name":"Kim","country":"UK","flag":"uk.png","product":"LG G3","color":"Pink","quantity":9,"price":303800},{"id":"#Cust75","date":"2014-07-25","name":"Jennifer","country":"France","flag":"france.png","product":"LG G3","color":"Gray","quantity":1,"price":342800},{"id":"#Cust76","date":"2014-07-24","name":"Steve","country":"Korea","flag":"korea.png","product":"Galaxy Note3","color":"Violet","quantity":1,"price":242600},{"id":"#Cust77","date":"2014-07-23","name":"Anna","country":"Singapore","flag":"singapore.png","product":"IPad Air","color":"Orange","quantity":20,"price":103800},{"id":"#Cust78","date":"2014-07-22","name":"Emma","country":"Singapore","flag":"singapore.png","product":"IPhone 5S","color":"Blue","quantity":20,"price":121600},{"id":"#Cust79","date":"2014-07-21","name":"Emma","country":"China","flag":"china.png","product":"Galaxy Note3","color":"Pink","quantity":10,"price":298700},{"id":"#Cust80","date":"2014-07-20","name":"Jennifer","country":"Korea","flag":"korea.png","product":"LG G3","color":"Yellow","quantity":1,"price":543000},{"id":"#Cust81","date":"2014-07-19","name":"Kim","country":"USA","flag":"usa.png","product":"Galaxy S5","color":"Yellow","quantity":3,"price":800100},{"id":"#Cust82","date":"2014-07-18","name":"Steve","country":"Italy","flag":"italy.png","product":"LG G3","color":"Orange","quantity":15,"price":854200},{"id":"#Cust83","date":"2014-07-17","name":"Lowrence","country":"USA","flag":"usa.png","product":"IPhone 5S","color":"Violet","quantity":3,"price":815500},{"id":"#Cust84","date":"2014-07-16","name":"Kim","country":"USA","flag":"usa.png","product":"Galaxy Note3","color":"Green","quantity":3,"price":588000},{"id":"#Cust85","date":"2014-07-15","name":"Emma","country":"Italy","flag":"italy.png","product":"Galaxy S5","color":"Orange","quantity":15,"price":430400},{"id":"#Cust86","date":"2014-07-14","name":"Kim","country":"China","flag":"china.png","product":"Galaxy S5","color":"Green","quantity":10,"price":527400},{"id":"#Cust87","date":"2014-07-13","name":"Kim","country":"Ireland","flag":"ireland.png","product":"IPhone 5S","color":"Gray","quantity":12,"price":491900},{"id":"#Cust88","date":"2014-07-12","name":"Steve","country":"Ireland","flag":"ireland.png","product":"IPad Air","color":"Violet","quantity":12,"price":515700},{"id":"#Cust89","date":"2014-07-11","name":"Jennifer","country":"Japan","flag":"japan.png","product":"LG G3","color":"Orange","quantity":7,"price":721200},{"id":"#Cust90","date":"2014-07-10","name":"Kim","country":"Italy","flag":"italy.png","product":"Galaxy S5","color":"Green","quantity":15,"price":970800},{"id":"#Cust91","date":"2014-07-09","name":"Steve","country":"Singapore","flag":"singapore.png","product":"Galaxy Note3","color":"Blue","quantity":20,"price":500300},{"id":"#Cust92","date":"2014-07-08","name":"Kim","country":"USA","flag":"usa.png","product":"IPhone 5S","color":"Orange","quantity":3,"price":30300},{"id":"#Cust93","date":"2014-07-07","name":"Lowrence","country":"France","flag":"france.png","product":"IPad Air","color":"Pink","quantity":1,"price":726000},{"id":"#Cust94","date":"2014-07-06","name":"Kim","country":"Korea","flag":"korea.png","product":"Galaxy Note3","color":"Pink","quantity":1,"price":425600},{"id":"#Cust95","date":"2014-07-05","name":"Jennifer","country":"UK","flag":"uk.png","product":"IPad Air","color":"Blue","quantity":9,"price":481000},{"id":"#Cust96","date":"2014-07-04","name":"Emma","country":"USA","flag":"usa.png","product":"IPhone 5S","color":"Green","quantity":3,"price":114400},{"id":"#Cust97","date":"2014-07-03","name":"Anna","country":"Korea","flag":"korea.png","product":"IPhone 5S","color":"Yellow","quantity":1,"price":309600},{"id":"#Cust98","date":"2014-07-02","name":"Steve","country":"Italy","flag":"italy.png","product":"LG G3","color":"Pink","quantity":15,"price":583000},{"id":"#Cust99","date":"2014-07-01","name":"Anna","country":"Ireland","flag":"ireland.png","product":"IPhone 5S","color":"Orange","quantity":12,"price":963000},{"id":"#Cust100","date":"2014-06-30","name":"Kim","country":"Italy","flag":"italy.png","product":"IPad Air","color":"Orange","quantity":15,"price":143100},{"id":"#Cust101","date":"2014-06-29","name":"Emma","country":"Ireland","flag":"ireland.png","product":"IPhone 5S","color":"Green","quantity":12,"price":851200},{"id":"#Cust102","date":"2014-06-28","name":"Kim","country":"France","flag":"france.png","product":"Galaxy Note3","color":"Violet","quantity":1,"price":882800},{"id":"#Cust103","date":"2014-06-27","name":"Jennifer","country":"Italy","flag":"italy.png","product":"IPhone 5S","color":"Yellow","quantity":15,"price":729000},{"id":"#Cust104","date":"2014-06-26","name":"Kim","country":"Japan","flag":"japan.png","product":"Galaxy Note3","color":"Green","quantity":7,"price":328800},{"id":"#Cust105","date":"2014-06-25","name":"Lowrence","country":"Japan","flag":"japan.png","product":"Galaxy Note3","color":"Green","quantity":7,"price":877600},{"id":"#Cust106","date":"2014-06-24","name":"Steve","country":"France","flag":"france.png","product":"IPad Air","color":"Blue","quantity":1,"price":612400},{"id":"#Cust107","date":"2014-06-23","name":"Steve","country":"France","flag":"france.png","product":"Galaxy S5","color":"Violet","quantity":1,"price":510400},{"id":"#Cust108","date":"2014-06-22","name":"Lowrence","country":"USA","flag":"usa.png","product":"IPhone 5S","color":"Violet","quantity":3,"price":95100},{"id":"#Cust109","date":"2014-06-21","name":"Kim","country":"Ireland","flag":"ireland.png","product":"LG G3","color":"Yellow","quantity":12,"price":555800},{"id":"#Cust110","date":"2014-06-20","name":"Lowrence","country":"Italy","flag":"italy.png","product":"IPhone 5S","color":"Orange","quantity":15,"price":766000},{"id":"#Cust111","date":"2014-06-19","name":"Emma","country":"China","flag":"china.png","product":"IPhone 5S","color":"Blue","quantity":10,"price":193600},{"id":"#Cust112","date":"2014-06-18","name":"Emma","country":"Ireland","flag":"ireland.png","product":"Galaxy S5","color":"Green","quantity":12,"price":811100},{"id":"#Cust113","date":"2014-06-17","name":"Steve","country":"Ireland","flag":"ireland.png","product":"LG G3","color":"Gray","quantity":12,"price":718500},{"id":"#Cust114","date":"2014-06-16","name":"Lowrence","country":"Japan","flag":"japan.png","product":"IPhone 5S","color":"Orange","quantity":7,"price":323600},{"id":"#Cust115","date":"2014-06-15","name":"Lowrence","country":"USA","flag":"usa.png","product":"LG G3","color":"Blue","quantity":3,"price":361900},{"id":"#Cust116","date":"2014-06-14","name":"Emma","country":"China","flag":"china.png","product":"Galaxy Note3","color":"Pink","quantity":10,"price":263300},{"id":"#Cust117","date":"2014-06-13","name":"Steve","country":"China","flag":"china.png","product":"IPhone 5S","color":"Pink","quantity":10,"price":268400},{"id":"#Cust118","date":"2014-06-12","name":"Kim","country":"UK","flag":"uk.png","product":"LG G3","color":"Pink","quantity":9,"price":69500},{"id":"#Cust119","date":"2014-06-11","name":"Kim","country":"Italy","flag":"italy.png","product":"IPhone 5S","color":"Pink","quantity":15,"price":801900},{"id":"#Cust120","date":"2014-06-10","name":"Steve","country":"Singapore","flag":"singapore.png","product":"Galaxy S5","color":"Violet","quantity":20,"price":593100},{"id":"#Cust121","date":"2014-06-09","name":"Jennifer","country":"France","flag":"france.png","product":"LG G3","color":"Orange","quantity":1,"price":102500},{"id":"#Cust122","date":"2014-06-08","name":"Steve","country":"UK","flag":"uk.png","product":"LG G3","color":"Blue","quantity":9,"price":693600},{"id":"#Cust123","date":"2014-06-07","name":"Kim","country":"USA","flag":"usa.png","product":"LG G3","color":"Gray","quantity":3,"price":257900},{"id":"#Cust124","date":"2014-06-06","name":"Kim","country":"USA","flag":"usa.png","product":"LG G3","color":"Blue","quantity":3,"price":105000},{"id":"#Cust125","date":"2014-06-05","name":"Emma","country":"Ireland","flag":"ireland.png","product":"Galaxy Note3","color":"Blue","quantity":12,"price":511800},{"id":"#Cust126","date":"2014-06-04","name":"Emma","country":"Japan","flag":"japan.png","product":"Galaxy Note3","color":"Pink","quantity":7,"price":672000},{"id":"#Cust127","date":"2014-06-03","name":"Anna","country":"UK","flag":"uk.png","product":"Galaxy Note3","color":"Gray","quantity":9,"price":841300},{"id":"#Cust128","date":"2014-06-02","name":"Kim","country":"Italy","flag":"italy.png","product":"LG G3","color":"Pink","quantity":15,"price":590300},{"id":"#Cust129","date":"2014-06-01","name":"Emma","country":"France","flag":"france.png","product":"Galaxy S5","color":"Green","quantity":1,"price":75900},{"id":"#Cust130","date":"2014-05-31","name":"Kim","country":"China","flag":"china.png","product":"IPad Air","color":"Green","quantity":10,"price":609400},{"id":"#Cust131","date":"2014-05-30","name":"Anna","country":"Italy","flag":"italy.png","product":"IPad Air","color":"Green","quantity":15,"price":361600},{"id":"#Cust132","date":"2014-05-29","name":"Emma","country":"Ireland","flag":"ireland.png","product":"IPhone 5S","color":"Pink","quantity":12,"price":455800},{"id":"#Cust133","date":"2014-05-28","name":"Emma","country":"Singapore","flag":"singapore.png","product":"Galaxy Note3","color":"Orange","quantity":20,"price":12600},{"id":"#Cust134","date":"2014-05-27","name":"Anna","country":"France","flag":"france.png","product":"IPad Air","color":"Orange","quantity":1,"price":956200},{"id":"#Cust135","date":"2014-05-26","name":"Steve","country":"Korea","flag":"korea.png","product":"Galaxy Note3","color":"Green","quantity":1,"price":455800},{"id":"#Cust136","date":"2014-05-25","name":"Emma","country":"Singapore","flag":"singapore.png","product":"LG G3","color":"Orange","quantity":20,"price":125400},{"id":"#Cust137","date":"2014-05-24","name":"Steve","country":"France","flag":"france.png","product":"IPad Air","color":"Blue","quantity":1,"price":464600},{"id":"#Cust138","date":"2014-05-23","name":"Jennifer","country":"Singapore","flag":"singapore.png","product":"Galaxy S5","color":"Yellow","quantity":20,"price":567100},{"id":"#Cust139","date":"2014-05-22","name":"Jennifer","country":"Italy","flag":"italy.png","product":"Galaxy S5","color":"Orange","quantity":15,"price":382700},{"id":"#Cust140","date":"2014-05-21","name":"Steve","country":"Japan","flag":"japan.png","product":"Galaxy Note3","color":"Yellow","quantity":7,"price":501800},{"id":"#Cust141","date":"2014-05-20","name":"Steve","country":"France","flag":"france.png","product":"IPad Air","color":"Green","quantity":1,"price":340800},{"id":"#Cust142","date":"2014-05-19","name":"Anna","country":"Ireland","flag":"ireland.png","product":"IPhone 5S","color":"Yellow","quantity":12,"price":730800},{"id":"#Cust143","date":"2014-05-18","name":"Kim","country":"UK","flag":"uk.png","product":"LG G3","color":"Pink","quantity":9,"price":633500},{"id":"#Cust144","date":"2014-05-17","name":"Lowrence","country":"Japan","flag":"japan.png","product":"Galaxy Note3","color":"Orange","quantity":7,"price":486800},{"id":"#Cust145","date":"2014-05-16","name":"Anna","country":"USA","flag":"usa.png","product":"Galaxy S5","color":"Orange","quantity":3,"price":650900},{"id":"#Cust146","date":"2014-05-15","name":"Jennifer","country":"Italy","flag":"italy.png","product":"Galaxy Note3","color":"Green","quantity":15,"price":886000},{"id":"#Cust147","date":"2014-05-14","name":"Steve","country":"USA","flag":"usa.png","product":"LG G3","color":"Violet","quantity":3,"price":440000},{"id":"#Cust148","date":"2014-05-13","name":"Emma","country":"UK","flag":"uk.png","product":"Galaxy Note3","color":"Green","quantity":9,"price":701200},{"id":"#Cust149","date":"2014-05-12","name":"Kim","country":"China","flag":"china.png","product":"Galaxy S5","color":"Green","quantity":10,"price":278900},{"id":"#Cust150","date":"2014-05-11","name":"Kim","country":"Ireland","flag":"ireland.png","product":"Galaxy Note3","color":"Orange","quantity":12,"price":215000},{"id":"#Cust151","date":"2014-05-10","name":"Emma","country":"UK","flag":"uk.png","product":"IPad Air","color":"Pink","quantity":9,"price":293400},{"id":"#Cust152","date":"2014-05-09","name":"Anna","country":"Korea","flag":"korea.png","product":"Galaxy S5","color":"Violet","quantity":1,"price":721900},{"id":"#Cust153","date":"2014-05-08","name":"Jennifer","country":"USA","flag":"usa.png","product":"Galaxy Note3","color":"Blue","quantity":3,"price":667300},{"id":"#Cust154","date":"2014-05-07","name":"Anna","country":"USA","flag":"usa.png","product":"Galaxy S5","color":"Yellow","quantity":3,"price":680400},{"id":"#Cust155","date":"2014-05-06","name":"Lowrence","country":"Korea","flag":"korea.png","product":"Galaxy S5","color":"Green","quantity":1,"price":675700},{"id":"#Cust156","date":"2014-05-05","name":"Anna","country":"France","flag":"france.png","product":"Galaxy S5","color":"Green","quantity":1,"price":848800},{"id":"#Cust157","date":"2014-05-04","name":"Kim","country":"China","flag":"china.png","product":"IPad Air","color":"Yellow","quantity":10,"price":175000},{"id":"#Cust158","date":"2014-05-03","name":"Steve","country":"Singapore","flag":"singapore.png","product":"IPad Air","color":"Blue","quantity":20,"price":840600},{"id":"#Cust159","date":"2014-05-02","name":"Anna","country":"USA","flag":"usa.png","product":"Galaxy Note3","color":"Yellow","quantity":3,"price":332000},{"id":"#Cust160","date":"2014-05-01","name":"Steve","country":"China","flag":"china.png","product":"Galaxy Note3","color":"Violet","quantity":10,"price":55100},{"id":"#Cust161","date":"2014-04-30","name":"Jennifer","country":"UK","flag":"uk.png","product":"IPad Air","color":"Pink","quantity":9,"price":289300},{"id":"#Cust162","date":"2014-04-29","name":"Steve","country":"Korea","flag":"korea.png","product":"IPad Air","color":"Green","quantity":1,"price":484200},{"id":"#Cust163","date":"2014-04-28","name":"Jennifer","country":"Japan","flag":"japan.png","product":"IPhone 5S","color":"Blue","quantity":7,"price":957300},{"id":"#Cust164","date":"2014-04-27","name":"Jennifer","country":"UK","flag":"uk.png","product":"IPhone 5S","color":"Violet","quantity":9,"price":7400},{"id":"#Cust165","date":"2014-04-26","name":"Jennifer","country":"Singapore","flag":"singapore.png","product":"Galaxy S5","color":"Pink","quantity":20,"price":919000},{"id":"#Cust166","date":"2014-04-25","name":"Steve","country":"France","flag":"france.png","product":"IPhone 5S","color":"Gray","quantity":1,"price":949300},{"id":"#Cust167","date":"2014-04-24","name":"Kim","country":"USA","flag":"usa.png","product":"LG G3","color":"Orange","quantity":3,"price":189200},{"id":"#Cust168","date":"2014-04-23","name":"Kim","country":"USA","flag":"usa.png","product":"Galaxy S5","color":"Violet","quantity":3,"price":31500},{"id":"#Cust169","date":"2014-04-22","name":"Anna","country":"Singapore","flag":"singapore.png","product":"IPhone 5S","color":"Yellow","quantity":20,"price":202300},{"id":"#Cust170","date":"2014-04-21","name":"Steve","country":"Ireland","flag":"ireland.png","product":"IPhone 5S","color":"Yellow","quantity":12,"price":860400},{"id":"#Cust171","date":"2014-04-20","name":"Jennifer","country":"Korea","flag":"korea.png","product":"LG G3","color":"Green","quantity":1,"price":520600},{"id":"#Cust172","date":"2014-04-19","name":"Jennifer","country":"Italy","flag":"italy.png","product":"Galaxy Note3","color":"Violet","quantity":15,"price":231900},{"id":"#Cust173","date":"2014-04-18","name":"Jennifer","country":"France","flag":"france.png","product":"LG G3","color":"Orange","quantity":1,"price":456800},{"id":"#Cust174","date":"2014-04-17","name":"Kim","country":"Korea","flag":"korea.png","product":"IPhone 5S","color":"Green","quantity":1,"price":342500},{"id":"#Cust175","date":"2014-04-16","name":"Anna","country":"Korea","flag":"korea.png","product":"IPad Air","color":"Blue","quantity":1,"price":79000},{"id":"#Cust176","date":"2014-04-15","name":"Steve","country":"Italy","flag":"italy.png","product":"Galaxy S5","color":"Violet","quantity":15,"price":46800},{"id":"#Cust177","date":"2014-04-14","name":"Jennifer","country":"Korea","flag":"korea.png","product":"LG G3","color":"Yellow","quantity":1,"price":268600},{"id":"#Cust178","date":"2014-04-13","name":"Kim","country":"Japan","flag":"japan.png","product":"Galaxy S5","color":"Blue","quantity":7,"price":413900},{"id":"#Cust179","date":"2014-04-12","name":"Kim","country":"China","flag":"china.png","product":"Galaxy S5","color":"Green","quantity":10,"price":94200},{"id":"#Cust180","date":"2014-04-11","name":"Anna","country":"Singapore","flag":"singapore.png","product":"Galaxy Note3","color":"Yellow","quantity":20,"price":644200},{"id":"#Cust181","date":"2014-04-10","name":"Jennifer","country":"Korea","flag":"korea.png","product":"LG G3","color":"Orange","quantity":1,"price":62500},{"id":"#Cust182","date":"2014-04-09","name":"Anna","country":"Ireland","flag":"ireland.png","product":"IPhone 5S","color":"Blue","quantity":12,"price":103900},{"id":"#Cust183","date":"2014-04-08","name":"Anna","country":"USA","flag":"usa.png","product":"IPhone 5S","color":"Blue","quantity":3,"price":58200},{"id":"#Cust184","date":"2014-04-07","name":"Lowrence","country":"UK","flag":"uk.png","product":"Galaxy Note3","color":"Orange","quantity":9,"price":559300},{"id":"#Cust185","date":"2014-04-06","name":"Jennifer","country":"Korea","flag":"korea.png","product":"Galaxy S5","color":"Green","quantity":1,"price":279100},{"id":"#Cust186","date":"2014-04-05","name":"Anna","country":"UK","flag":"uk.png","product":"IPad Air","color":"Yellow","quantity":9,"price":81200},{"id":"#Cust187","date":"2014-04-04","name":"Steve","country":"USA","flag":"usa.png","product":"IPhone 5S","color":"Blue","quantity":3,"price":583900},{"id":"#Cust188","date":"2014-04-03","name":"Jennifer","country":"Korea","flag":"korea.png","product":"LG G3","color":"Gray","quantity":1,"price":63000},{"id":"#Cust189","date":"2014-04-02","name":"Lowrence","country":"Ireland","flag":"ireland.png","product":"Galaxy S5","color":"Yellow","quantity":12,"price":459100},{"id":"#Cust190","date":"2014-04-01","name":"Anna","country":"UK","flag":"uk.png","product":"LG G3","color":"Yellow","quantity":9,"price":769900},{"id":"#Cust191","date":"2014-03-31","name":"Steve","country":"China","flag":"china.png","product":"Galaxy Note3","color":"Violet","quantity":10,"price":469800},{"id":"#Cust192","date":"2014-03-30","name":"Steve","country":"Korea","flag":"korea.png","product":"Galaxy Note3","color":"Pink","quantity":1,"price":9100},{"id":"#Cust193","date":"2014-03-29","name":"Emma","country":"Italy","flag":"italy.png","product":"IPhone 5S","color":"Violet","quantity":15,"price":864300},{"id":"#Cust194","date":"2014-03-28","name":"Jennifer","country":"France","flag":"france.png","product":"LG G3","color":"Orange","quantity":1,"price":137100},{"id":"#Cust195","date":"2014-03-27","name":"Lowrence","country":"Singapore","flag":"singapore.png","product":"IPad Air","color":"Blue","quantity":20,"price":447600},{"id":"#Cust196","date":"2014-03-26","name":"Lowrence","country":"Ireland","flag":"ireland.png","product":"Galaxy Note3","color":"Yellow","quantity":12,"price":380700},{"id":"#Cust197","date":"2014-03-25","name":"Lowrence","country":"China","flag":"china.png","product":"IPad Air","color":"Gray","quantity":10,"price":173300},{"id":"#Cust198","date":"2014-03-24","name":"Anna","country":"Ireland","flag":"ireland.png","product":"IPhone 5S","color":"Pink","quantity":12,"price":875800},{"id":"#Cust199","date":"2014-03-23","name":"Lowrence","country":"USA","flag":"usa.png","product":"Galaxy Note3","color":"Gray","quantity":3,"price":159400},{"id":"#Cust200","date":"2014-03-22","name":"Jennifer","country":"France","flag":"france.png","product":"IPhone 5S","color":"Green","quantity":1,"price":332600},{"id":"#Cust201","date":"2014-03-21","name":"Anna","country":"USA","flag":"usa.png","product":"Galaxy Note3","color":"Violet","quantity":3,"price":367800},{"id":"#Cust202","date":"2014-03-20","name":"Emma","country":"UK","flag":"uk.png","product":"Galaxy Note3","color":"Yellow","quantity":9,"price":653000},{"id":"#Cust203","date":"2014-03-19","name":"Lowrence","country":"USA","flag":"usa.png","product":"IPhone 5S","color":"Pink","quantity":3,"price":646900},{"id":"#Cust204","date":"2014-03-18","name":"Lowrence","country":"UK","flag":"uk.png","product":"LG G3","color":"Orange","quantity":9,"price":71100},{"id":"#Cust205","date":"2014-03-17","name":"Emma","country":"Singapore","flag":"singapore.png","product":"IPad Air","color":"Orange","quantity":20,"price":898000},{"id":"#Cust206","date":"2014-03-16","name":"Steve","country":"France","flag":"france.png","product":"Galaxy Note3","color":"Pink","quantity":1,"price":424300},{"id":"#Cust207","date":"2014-03-15","name":"Jennifer","country":"Korea","flag":"korea.png","product":"Galaxy Note3","color":"Yellow","quantity":1,"price":590800},{"id":"#Cust208","date":"2014-03-14","name":"Steve","country":"Korea","flag":"korea.png","product":"Galaxy S5","color":"Violet","quantity":1,"price":61300},{"id":"#Cust209","date":"2014-03-13","name":"Jennifer","country":"Ireland","flag":"ireland.png","product":"IPad Air","color":"Blue","quantity":12,"price":573600},{"id":"#Cust210","date":"2014-03-12","name":"Lowrence","country":"USA","flag":"usa.png","product":"IPhone 5S","color":"Blue","quantity":3,"price":809700},{"id":"#Cust211","date":"2014-03-11","name":"Emma","country":"USA","flag":"usa.png","product":"IPad Air","color":"Orange","quantity":3,"price":315900},{"id":"#Cust212","date":"2014-03-10","name":"Steve","country":"Japan","flag":"japan.png","product":"Galaxy S5","color":"Blue","quantity":7,"price":779100},{"id":"#Cust213","date":"2014-03-09","name":"Anna","country":"Singapore","flag":"singapore.png","product":"Galaxy Note3","color":"Orange","quantity":20,"price":62000},{"id":"#Cust214","date":"2014-03-08","name":"Kim","country":"UK","flag":"uk.png","product":"IPhone 5S","color":"Orange","quantity":9,"price":327500},{"id":"#Cust215","date":"2014-03-07","name":"Lowrence","country":"UK","flag":"uk.png","product":"Galaxy S5","color":"Pink","quantity":9,"price":553200},{"id":"#Cust216","date":"2014-03-06","name":"Jennifer","country":"Singapore","flag":"singapore.png","product":"LG G3","color":"Yellow","quantity":20,"price":874100},{"id":"#Cust217","date":"2014-03-05","name":"Steve","country":"Italy","flag":"italy.png","product":"Galaxy Note3","color":"Gray","quantity":15,"price":624300},{"id":"#Cust218","date":"2014-03-04","name":"Kim","country":"Korea","flag":"korea.png","product":"Galaxy Note3","color":"Green","quantity":1,"price":673100},{"id":"#Cust219","date":"2014-03-03","name":"Anna","country":"China","flag":"china.png","product":"LG G3","color":"Gray","quantity":10,"price":631000},{"id":"#Cust220","date":"2014-03-02","name":"Lowrence","country":"Ireland","flag":"ireland.png","product":"IPhone 5S","color":"Blue","quantity":12,"price":928700},{"id":"#Cust221","date":"2014-03-01","name":"Lowrence","country":"China","flag":"china.png","product":"IPad Air","color":"Violet","quantity":10,"price":50900},{"id":"#Cust222","date":"2014-02-28","name":"Kim","country":"Ireland","flag":"ireland.png","product":"LG G3","color":"Yellow","quantity":12,"price":600400},{"id":"#Cust223","date":"2014-02-27","name":"Kim","country":"Italy","flag":"italy.png","product":"Galaxy Note3","color":"Orange","quantity":15,"price":748100},{"id":"#Cust224","date":"2014-02-26","name":"Lowrence","country":"UK","flag":"uk.png","product":"Galaxy S5","color":"Blue","quantity":9,"price":860000},{"id":"#Cust225","date":"2014-02-25","name":"Kim","country":"Ireland","flag":"ireland.png","product":"IPhone 5S","color":"Violet","quantity":12,"price":750300},{"id":"#Cust226","date":"2014-02-24","name":"Emma","country":"France","flag":"france.png","product":"IPhone 5S","color":"Violet","quantity":1,"price":864700},{"id":"#Cust227","date":"2014-02-23","name":"Anna","country":"Korea","flag":"korea.png","product":"Galaxy S5","color":"Orange","quantity":1,"price":28200},{"id":"#Cust228","date":"2014-02-22","name":"Lowrence","country":"UK","flag":"uk.png","product":"Galaxy Note3","color":"Blue","quantity":9,"price":329700},{"id":"#Cust229","date":"2014-02-21","name":"Jennifer","country":"UK","flag":"uk.png","product":"LG G3","color":"Yellow","quantity":9,"price":360500},{"id":"#Cust230","date":"2014-02-20","name":"Anna","country":"France","flag":"france.png","product":"LG G3","color":"Yellow","quantity":1,"price":306200},{"id":"#Cust231","date":"2014-02-19","name":"Jennifer","country":"Italy","flag":"italy.png","product":"LG G3","color":"Violet","quantity":15,"price":764300},{"id":"#Cust232","date":"2014-02-18","name":"Lowrence","country":"France","flag":"france.png","product":"IPad Air","color":"Violet","quantity":1,"price":179800},{"id":"#Cust233","date":"2014-02-17","name":"Jennifer","country":"Japan","flag":"japan.png","product":"IPad Air","color":"Pink","quantity":7,"price":351600},{"id":"#Cust234","date":"2014-02-16","name":"Jennifer","country":"China","flag":"china.png","product":"LG G3","color":"Gray","quantity":10,"price":983100},{"id":"#Cust235","date":"2014-02-15","name":"Lowrence","country":"USA","flag":"usa.png","product":"LG G3","color":"Blue","quantity":3,"price":386400},{"id":"#Cust236","date":"2014-02-14","name":"Emma","country":"UK","flag":"uk.png","product":"Galaxy Note3","color":"Blue","quantity":9,"price":633400},{"id":"#Cust237","date":"2014-02-13","name":"Emma","country":"Ireland","flag":"ireland.png","product":"IPad Air","color":"Violet","quantity":12,"price":505600},{"id":"#Cust238","date":"2014-02-12","name":"Lowrence","country":"UK","flag":"uk.png","product":"LG G3","color":"Violet","quantity":9,"price":254400},{"id":"#Cust239","date":"2014-02-11","name":"Anna","country":"Korea","flag":"korea.png","product":"IPhone 5S","color":"Orange","quantity":1,"price":836600},{"id":"#Cust240","date":"2014-02-10","name":"Jennifer","country":"China","flag":"china.png","product":"Galaxy Note3","color":"Gray","quantity":10,"price":110700},{"id":"#Cust241","date":"2014-02-09","name":"Lowrence","country":"France","flag":"france.png","product":"IPad Air","color":"Orange","quantity":1,"price":463700},{"id":"#Cust242","date":"2014-02-08","name":"Emma","country":"Ireland","flag":"ireland.png","product":"IPhone 5S","color":"Orange","quantity":12,"price":866400},{"id":"#Cust243","date":"2014-02-07","name":"Kim","country":"Singapore","flag":"singapore.png","product":"Galaxy Note3","color":"Green","quantity":20,"price":345600},{"id":"#Cust244","date":"2014-02-06","name":"Kim","country":"USA","flag":"usa.png","product":"LG G3","color":"Blue","quantity":3,"price":510400},{"id":"#Cust245","date":"2014-02-05","name":"Steve","country":"Korea","flag":"korea.png","product":"Galaxy Note3","color":"Gray","quantity":1,"price":614400},{"id":"#Cust246","date":"2014-02-04","name":"Kim","country":"France","flag":"france.png","product":"IPad Air","color":"Gray","quantity":1,"price":921400},{"id":"#Cust247","date":"2014-02-03","name":"Jennifer","country":"Italy","flag":"italy.png","product":"Galaxy S5","color":"Gray","quantity":15,"price":481700},{"id":"#Cust248","date":"2014-02-02","name":"Steve","country":"Singapore","flag":"singapore.png","product":"Galaxy S5","color":"Yellow","quantity":20,"price":716500},{"id":"#Cust249","date":"2014-02-01","name":"Emma","country":"USA","flag":"usa.png","product":"Galaxy S5","color":"Violet","quantity":3,"price":75900},{"id":"#Cust250","date":"2014-01-31","name":"Jennifer","country":"France","flag":"france.png","product":"Galaxy Note3","color":"Green","quantity":1,"price":968800},{"id":"#Cust251","date":"2014-01-30","name":"Lowrence","country":"UK","flag":"uk.png","product":"IPhone 5S","color":"Yellow","quantity":9,"price":638700},{"id":"#Cust252","date":"2014-01-29","name":"Kim","country":"Italy","flag":"italy.png","product":"Galaxy S5","color":"Gray","quantity":15,"price":856700},{"id":"#Cust253","date":"2014-01-28","name":"Jennifer","country":"USA","flag":"usa.png","product":"Galaxy Note3","color":"Orange","quantity":3,"price":188900},{"id":"#Cust254","date":"2014-01-27","name":"Lowrence","country":"UK","flag":"uk.png","product":"Galaxy S5","color":"Orange","quantity":9,"price":308800},{"id":"#Cust255","date":"2014-01-26","name":"Emma","country":"Korea","flag":"korea.png","product":"IPhone 5S","color":"Gray","quantity":1,"price":454200},{"id":"#Cust256","date":"2014-01-25","name":"Jennifer","country":"USA","flag":"usa.png","product":"Galaxy S5","color":"Violet","quantity":3,"price":244700},{"id":"#Cust257","date":"2014-01-24","name":"Steve","country":"Japan","flag":"japan.png","product":"Galaxy Note3","color":"Orange","quantity":7,"price":98000},{"id":"#Cust258","date":"2014-01-23","name":"Steve","country":"Japan","flag":"japan.png","product":"Galaxy Note3","color":"Pink","quantity":7,"price":394900},{"id":"#Cust259","date":"2014-01-22","name":"Emma","country":"China","flag":"china.png","product":"Galaxy S5","color":"Green","quantity":10,"price":371300},{"id":"#Cust260","date":"2014-01-21","name":"Kim","country":"China","flag":"china.png","product":"Galaxy Note3","color":"Yellow","quantity":10,"price":146400},{"id":"#Cust261","date":"2014-01-20","name":"Jennifer","country":"Korea","flag":"korea.png","product":"LG G3","color":"Blue","quantity":1,"price":222000},{"id":"#Cust262","date":"2014-01-19","name":"Anna","country":"UK","flag":"uk.png","product":"IPhone 5S","color":"Pink","quantity":9,"price":51200},{"id":"#Cust263","date":"2014-01-18","name":"Steve","country":"UK","flag":"uk.png","product":"IPhone 5S","color":"Blue","quantity":9,"price":436700},{"id":"#Cust264","date":"2014-01-17","name":"Lowrence","country":"UK","flag":"uk.png","product":"IPad Air","color":"Yellow","quantity":9,"price":983500},{"id":"#Cust265","date":"2014-01-16","name":"Lowrence","country":"Ireland","flag":"ireland.png","product":"LG G3","color":"Green","quantity":12,"price":801900},{"id":"#Cust266","date":"2014-01-15","name":"Jennifer","country":"USA","flag":"usa.png","product":"IPad Air","color":"Yellow","quantity":3,"price":734600},{"id":"#Cust267","date":"2014-01-14","name":"Jennifer","country":"China","flag":"china.png","product":"Galaxy Note3","color":"Green","quantity":10,"price":11500},{"id":"#Cust268","date":"2014-01-13","name":"Kim","country":"Ireland","flag":"ireland.png","product":"Galaxy S5","color":"Yellow","quantity":12,"price":303400},{"id":"#Cust269","date":"2014-01-12","name":"Anna","country":"UK","flag":"uk.png","product":"Galaxy S5","color":"Green","quantity":9,"price":314400},{"id":"#Cust270","date":"2014-01-11","name":"Kim","country":"Italy","flag":"italy.png","product":"Galaxy Note3","color":"Green","quantity":15,"price":584500},{"id":"#Cust271","date":"2014-01-10","name":"Anna","country":"France","flag":"france.png","product":"IPhone 5S","color":"Orange","quantity":1,"price":565800},{"id":"#Cust272","date":"2014-01-09","name":"Kim","country":"Singapore","flag":"singapore.png","product":"IPad Air","color":"Gray","quantity":20,"price":547900},{"id":"#Cust273","date":"2014-01-08","name":"Emma","country":"USA","flag":"usa.png","product":"IPad Air","color":"Violet","quantity":3,"price":187100},{"id":"#Cust274","date":"2014-01-07","name":"Emma","country":"China","flag":"china.png","product":"LG G3","color":"Pink","quantity":10,"price":688200},{"id":"#Cust275","date":"2014-01-06","name":"Jennifer","country":"USA","flag":"usa.png","product":"LG G3","color":"Orange","quantity":3,"price":362000},{"id":"#Cust276","date":"2014-01-05","name":"Anna","country":"UK","flag":"uk.png","product":"IPhone 5S","color":"Yellow","quantity":9,"price":495600},{"id":"#Cust277","date":"2014-01-04","name":"Kim","country":"France","flag":"france.png","product":"Galaxy Note3","color":"Pink","quantity":1,"price":95600},{"id":"#Cust278","date":"2014-01-03","name":"Kim","country":"UK","flag":"uk.png","product":"Galaxy Note3","color":"Violet","quantity":9,"price":771200},{"id":"#Cust279","date":"2014-01-02","name":"Jennifer","country":"UK","flag":"uk.png","product":"IPad Air","color":"Violet","quantity":9,"price":709700},{"id":"#Cust280","date":"2014-01-01","name":"Anna","country":"Italy","flag":"italy.png","product":"IPad Air","color":"Pink","quantity":15,"price":959800},{"id":"#Cust281","date":"2013-12-31","name":"Emma","country":"USA","flag":"usa.png","product":"LG G3","color":"Blue","quantity":3,"price":185900},{"id":"#Cust282","date":"2013-12-30","name":"Lowrence","country":"UK","flag":"uk.png","product":"Galaxy S5","color":"Green","quantity":9,"price":356400},{"id":"#Cust283","date":"2013-12-29","name":"Jennifer","country":"Singapore","flag":"singapore.png","product":"LG G3","color":"Pink","quantity":20,"price":543800},{"id":"#Cust284","date":"2013-12-28","name":"Jennifer","country":"Korea","flag":"korea.png","product":"IPhone 5S","color":"Violet","quantity":1,"price":675700},{"id":"#Cust285","date":"2013-12-27","name":"Steve","country":"Singapore","flag":"singapore.png","product":"IPad Air","color":"Green","quantity":20,"price":874900},{"id":"#Cust286","date":"2013-12-26","name":"Anna","country":"UK","flag":"uk.png","product":"IPhone 5S","color":"Pink","quantity":9,"price":783600},{"id":"#Cust287","date":"2013-12-25","name":"Emma","country":"Korea","flag":"korea.png","product":"IPad Air","color":"Blue","quantity":1,"price":906000},{"id":"#Cust288","date":"2013-12-24","name":"Anna","country":"Italy","flag":"italy.png","product":"Galaxy S5","color":"Blue","quantity":15,"price":577700},{"id":"#Cust289","date":"2013-12-23","name":"Jennifer","country":"France","flag":"france.png","product":"IPad Air","color":"Pink","quantity":1,"price":579000},{"id":"#Cust290","date":"2013-12-22","name":"Emma","country":"Korea","flag":"korea.png","product":"IPad Air","color":"Blue","quantity":1,"price":529600},{"id":"#Cust291","date":"2013-12-21","name":"Jennifer","country":"USA","flag":"usa.png","product":"Galaxy Note3","color":"Violet","quantity":3,"price":294900},{"id":"#Cust292","date":"2013-12-20","name":"Steve","country":"China","flag":"china.png","product":"IPad Air","color":"Pink","quantity":10,"price":724000},{"id":"#Cust293","date":"2013-12-19","name":"Emma","country":"UK","flag":"uk.png","product":"IPad Air","color":"Violet","quantity":9,"price":751800},{"id":"#Cust294","date":"2013-12-18","name":"Lowrence","country":"Japan","flag":"japan.png","product":"IPhone 5S","color":"Violet","quantity":7,"price":572800},{"id":"#Cust295","date":"2013-12-17","name":"Lowrence","country":"France","flag":"france.png","product":"IPad Air","color":"Blue","quantity":1,"price":16100},{"id":"#Cust296","date":"2013-12-16","name":"Steve","country":"Korea","flag":"korea.png","product":"Galaxy Note3","color":"Pink","quantity":1,"price":156900},{"id":"#Cust297","date":"2013-12-15","name":"Emma","country":"UK","flag":"uk.png","product":"IPhone 5S","color":"Yellow","quantity":9,"price":576900},{"id":"#Cust298","date":"2013-12-14","name":"Lowrence","country":"Japan","flag":"japan.png","product":"Galaxy Note3","color":"Violet","quantity":7,"price":45900},{"id":"#Cust299","date":"2013-12-13","name":"Steve","country":"UK","flag":"uk.png","product":"Galaxy Note3","color":"Yellow","quantity":9,"price":846500},{"id":"#Cust300","date":"2013-12-12","name":"Anna","country":"China","flag":"china.png","product":"Galaxy S5","color":"Pink","quantity":10,"price":38900},{"id":"#Cust301","date":"2013-12-11","name":"Anna","country":"Ireland","flag":"ireland.png","product":"IPad Air","color":"Orange","quantity":12,"price":273500},{"id":"#Cust302","date":"2013-12-10","name":"Kim","country":"Japan","flag":"japan.png","product":"Galaxy S5","color":"Gray","quantity":7,"price":167000},{"id":"#Cust303","date":"2013-12-09","name":"Lowrence","country":"China","flag":"china.png","product":"LG G3","color":"Orange","quantity":10,"price":307400},{"id":"#Cust304","date":"2013-12-08","name":"Jennifer","country":"France","flag":"france.png","product":"Galaxy Note3","color":"Gray","quantity":1,"price":710600},{"id":"#Cust305","date":"2013-12-07","name":"Lowrence","country":"Italy","flag":"italy.png","product":"Galaxy Note3","color":"Orange","quantity":15,"price":355800},{"id":"#Cust306","date":"2013-12-06","name":"Steve","country":"France","flag":"france.png","product":"Galaxy Note3","color":"Yellow","quantity":1,"price":650800},{"id":"#Cust307","date":"2013-12-05","name":"Jennifer","country":"Italy","flag":"italy.png","product":"LG G3","color":"Blue","quantity":15,"price":299200},{"id":"#Cust308","date":"2013-12-04","name":"Kim","country":"USA","flag":"usa.png","product":"LG G3","color":"Orange","quantity":3,"price":715800},{"id":"#Cust309","date":"2013-12-03","name":"Steve","country":"Korea","flag":"korea.png","product":"IPhone 5S","color":"Yellow","quantity":1,"price":566100},{"id":"#Cust310","date":"2013-12-02","name":"Kim","country":"Japan","flag":"japan.png","product":"IPad Air","color":"Gray","quantity":7,"price":721600},{"id":"#Cust311","date":"2013-12-01","name":"Jennifer","country":"USA","flag":"usa.png","product":"Galaxy S5","color":"Yellow","quantity":3,"price":434100},{"id":"#Cust312","date":"2013-11-30","name":"Kim","country":"France","flag":"france.png","product":"IPad Air","color":"Gray","quantity":1,"price":534200},{"id":"#Cust313","date":"2013-11-29","name":"Jennifer","country":"USA","flag":"usa.png","product":"Galaxy S5","color":"Red","quantity":3,"price":43700},{"id":"#Cust314","date":"2013-11-28","name":"Steve","country":"Italy","flag":"italy.png","product":"IPad Air","color":"Orange","quantity":15,"price":593500},{"id":"#Cust315","date":"2013-11-27","name":"Kim","country":"UK","flag":"uk.png","product":"IPad Air","color":"Orange","quantity":9,"price":533400},{"id":"#Cust316","date":"2013-11-26","name":"Jennifer","country":"USA","flag":"usa.png","product":"IPhone 5S","color":"Pink","quantity":3,"price":29400},{"id":"#Cust317","date":"2013-11-25","name":"Emma","country":"Singapore","flag":"singapore.png","product":"LG G3","color":"Blue","quantity":20,"price":756400},{"id":"#Cust318","date":"2013-11-24","name":"Kim","country":"Japan","flag":"japan.png","product":"Galaxy S5","color":"Yellow","quantity":7,"price":821000},{"id":"#Cust319","date":"2013-11-23","name":"Steve","country":"Singapore","flag":"singapore.png","product":"Galaxy Note3","color":"Gray","quantity":20,"price":26400},{"id":"#Cust320","date":"2013-11-22","name":"Jennifer","country":"Singapore","flag":"singapore.png","product":"IPhone 5S","color":"Green","quantity":20,"price":496500},{"id":"#Cust321","date":"2013-11-21","name":"Emma","country":"Italy","flag":"italy.png","product":"IPhone 5S","color":"Green","quantity":15,"price":142100},{"id":"#Cust322","date":"2013-11-20","name":"Lowrence","country":"France","flag":"france.png","product":"IPhone 5S","color":"Pink","quantity":1,"price":114100},{"id":"#Cust323","date":"2013-11-19","name":"Lowrence","country":"Korea","flag":"korea.png","product":"LG G3","color":"Yellow","quantity":1,"price":491100},{"id":"#Cust324","date":"2013-11-18","name":"Lowrence","country":"Italy","flag":"italy.png","product":"IPhone 5S","color":"Blue","quantity":15,"price":203300},{"id":"#Cust325","date":"2013-11-17","name":"Jennifer","country":"Ireland","flag":"ireland.png","product":"Galaxy S5","color":"Pink","quantity":12,"price":135500},{"id":"#Cust326","date":"2013-11-16","name":"Lowrence","country":"UK","flag":"uk.png","product":"IPhone 5S","color":"Green","quantity":9,"price":823900},{"id":"#Cust327","date":"2013-11-15","name":"Steve","country":"France","flag":"france.png","product":"IPad Air","color":"Pink","quantity":1,"price":451700},{"id":"#Cust328","date":"2013-11-14","name":"Anna","country":"France","flag":"france.png","product":"LG G3","color":"Pink","quantity":1,"price":855600},{"id":"#Cust329","date":"2013-11-13","name":"Emma","country":"Korea","flag":"korea.png","product":"Galaxy S5","color":"Yellow","quantity":1,"price":717600},{"id":"#Cust330","date":"2013-11-12","name":"Kim","country":"Singapore","flag":"singapore.png","product":"IPhone 5S","color":"Yellow","quantity":20,"price":644600},{"id":"#Cust331","date":"2013-11-11","name":"Emma","country":"UK","flag":"uk.png","product":"IPad Air","color":"Orange","quantity":9,"price":450900},{"id":"#Cust332","date":"2013-11-10","name":"Emma","country":"France","flag":"france.png","product":"LG G3","color":"Violet","quantity":1,"price":131000},{"id":"#Cust333","date":"2013-11-09","name":"Lowrence","country":"Italy","flag":"italy.png","product":"Galaxy S5","color":"Gray","quantity":15,"price":963600},{"id":"#Cust334","date":"2013-11-08","name":"Jennifer","country":"Italy","flag":"italy.png","product":"IPhone 5S","color":"Pink","quantity":15,"price":582100},{"id":"#Cust335","date":"2013-11-07","name":"Emma","country":"Korea","flag":"korea.png","product":"Galaxy S5","color":"Green","quantity":1,"price":662700},{"id":"#Cust336","date":"2013-11-06","name":"Steve","country":"Korea","flag":"korea.png","product":"Galaxy S5","color":"Blue","quantity":1,"price":49300},{"id":"#Cust337","date":"2013-11-05","name":"Lowrence","country":"Ireland","flag":"ireland.png","product":"LG G3","color":"Orange","quantity":12,"price":831500},{"id":"#Cust338","date":"2013-11-04","name":"Steve","country":"UK","flag":"uk.png","product":"IPad Air","color":"Gray","quantity":9,"price":855500},{"id":"#Cust339","date":"2013-11-03","name":"Jennifer","country":"Italy","flag":"italy.png","product":"IPhone 5S","color":"Yellow","quantity":15,"price":134500},{"id":"#Cust340","date":"2013-11-02","name":"Kim","country":"USA","flag":"usa.png","product":"IPhone 5S","color":"Green","quantity":3,"price":304300},{"id":"#Cust341","date":"2013-11-01","name":"Anna","country":"France","flag":"france.png","product":"LG G3","color":"Yellow","quantity":1,"price":671500},{"id":"#Cust342","date":"2013-10-31","name":"Jennifer","country":"France","flag":"france.png","product":"LG G3","color":"Yellow","quantity":1,"price":62800},{"id":"#Cust343","date":"2013-10-30","name":"Jennifer","country":"Singapore","flag":"singapore.png","product":"IPad Air","color":"Violet","quantity":20,"price":370900},{"id":"#Cust344","date":"2013-10-29","name":"Steve","country":"UK","flag":"uk.png","product":"IPad Air","color":"Violet","quantity":9,"price":207900},{"id":"#Cust345","date":"2013-10-28","name":"Kim","country":"Japan","flag":"japan.png","product":"IPhone 5S","color":"Orange","quantity":7,"price":463200},{"id":"#Cust346","date":"2013-10-27","name":"Emma","country":"UK","flag":"uk.png","product":"IPhone 5S","color":"Gray","quantity":9,"price":997400},{"id":"#Cust347","date":"2013-10-26","name":"Jennifer","country":"Japan","flag":"japan.png","product":"Galaxy S5","color":"Green","quantity":7,"price":812500},{"id":"#Cust348","date":"2013-10-25","name":"Steve","country":"Korea","flag":"korea.png","product":"Galaxy Note3","color":"Violet","quantity":1,"price":49600},{"id":"#Cust349","date":"2013-10-24","name":"Emma","country":"Singapore","flag":"singapore.png","product":"LG G3","color":"Gray","quantity":20,"price":416000},{"id":"#Cust350","date":"2013-10-23","name":"Lowrence","country":"UK","flag":"uk.png","product":"IPad Air","color":"Violet","quantity":9,"price":304800},{"id":"#Cust351","date":"2013-10-22","name":"Steve","country":"France","flag":"france.png","product":"LG G3","color":"Violet","quantity":1,"price":673200},{"id":"#Cust352","date":"2013-10-21","name":"Jennifer","country":"UK","flag":"uk.png","product":"Galaxy S5","color":"Green","quantity":9,"price":261500},{"id":"#Cust353","date":"2013-10-20","name":"Emma","country":"Japan","flag":"japan.png","product":"IPhone 5S","color":"Pink","quantity":7,"price":249400},{"id":"#Cust354","date":"2013-10-19","name":"Emma","country":"Ireland","flag":"ireland.png","product":"Galaxy S5","color":"Violet","quantity":12,"price":506100},{"id":"#Cust355","date":"2013-10-18","name":"Kim","country":"Japan","flag":"japan.png","product":"Galaxy S5","color":"Green","quantity":7,"price":834600},{"id":"#Cust356","date":"2013-10-17","name":"Emma","country":"France","flag":"france.png","product":"Galaxy S5","color":"Blue","quantity":1,"price":478800},{"id":"#Cust357","date":"2013-10-16","name":"Emma","country":"France","flag":"france.png","product":"Galaxy Note3","color":"Orange","quantity":1,"price":442800},{"id":"#Cust358","date":"2013-10-15","name":"Emma","country":"UK","flag":"uk.png","product":"IPad Air","color":"Pink","quantity":9,"price":120100},{"id":"#Cust359","date":"2013-10-14","name":"Steve","country":"Italy","flag":"italy.png","product":"LG G3","color":"Violet","quantity":15,"price":684900},{"id":"#Cust360","date":"2013-10-13","name":"Emma","country":"USA","flag":"usa.png","product":"Galaxy S5","color":"Orange","quantity":3,"price":525500},{"id":"#Cust361","date":"2013-10-12","name":"Jennifer","country":"Singapore","flag":"singapore.png","product":"IPhone 5S","color":"Blue","quantity":20,"price":251100},{"id":"#Cust362","date":"2013-10-11","name":"Emma","country":"Ireland","flag":"ireland.png","product":"LG G3","color":"Gray","quantity":12,"price":740200},{"id":"#Cust363","date":"2013-10-10","name":"Jennifer","country":"Japan","flag":"japan.png","product":"IPad Air","color":"Blue","quantity":7,"price":348300},{"id":"#Cust364","date":"2013-10-09","name":"Anna","country":"Singapore","flag":"singapore.png","product":"IPhone 5S","color":"Green","quantity":20,"price":969600},{"id":"#Cust365","date":"2013-10-08","name":"Steve","country":"USA","flag":"usa.png","product":"LG G3","color":"Blue","quantity":3,"price":837100},{"id":"#Cust366","date":"2013-10-07","name":"Anna","country":"France","flag":"france.png","product":"Galaxy Note3","color":"Blue","quantity":1,"price":850100},{"id":"#Cust367","date":"2013-10-06","name":"Jennifer","country":"USA","flag":"usa.png","product":"Galaxy Note3","color":"Gray","quantity":3,"price":968500},{"id":"#Cust368","date":"2013-10-05","name":"Anna","country":"Korea","flag":"korea.png","product":"Galaxy Note3","color":"Yellow","quantity":1,"price":465800},{"id":"#Cust369","date":"2013-10-04","name":"Anna","country":"Japan","flag":"japan.png","product":"Galaxy S5","color":"Violet","quantity":7,"price":349100},{"id":"#Cust370","date":"2013-10-03","name":"Emma","country":"Italy","flag":"italy.png","product":"Galaxy Note3","color":"Violet","quantity":15,"price":13700},{"id":"#Cust371","date":"2013-10-02","name":"Jennifer","country":"France","flag":"france.png","product":"IPhone 5S","color":"Pink","quantity":1,"price":104600},{"id":"#Cust372","date":"2013-10-01","name":"Anna","country":"Singapore","flag":"singapore.png","product":"IPad Air","color":"Orange","quantity":20,"price":290600},{"id":"#Cust373","date":"2013-09-30","name":"Kim","country":"UK","flag":"uk.png","product":"IPhone 5S","color":"Blue","quantity":9,"price":884500},{"id":"#Cust374","date":"2013-09-29","name":"Steve","country":"USA","flag":"usa.png","product":"IPhone 5S","color":"Violet","quantity":3,"price":975500},{"id":"#Cust375","date":"2013-09-28","name":"Anna","country":"China","flag":"china.png","product":"Galaxy S5","color":"Yellow","quantity":10,"price":39500},{"id":"#Cust376","date":"2013-09-27","name":"Kim","country":"France","flag":"france.png","product":"Galaxy Note3","color":"Green","quantity":1,"price":412500},{"id":"#Cust377","date":"2013-09-26","name":"Jennifer","country":"Italy","flag":"italy.png","product":"Galaxy S5","color":"Violet","quantity":15,"price":563200},{"id":"#Cust378","date":"2013-09-25","name":"Kim","country":"China","flag":"china.png","product":"LG G3","color":"Yellow","quantity":10,"price":100300},{"id":"#Cust379","date":"2013-09-24","name":"Anna","country":"USA","flag":"usa.png","product":"Galaxy Note3","color":"Green","quantity":3,"price":229600},{"id":"#Cust380","date":"2013-09-23","name":"Lowrence","country":"France","flag":"france.png","product":"Galaxy S5","color":"Pink","quantity":1,"price":270300},{"id":"#Cust381","date":"2013-09-22","name":"Anna","country":"UK","flag":"uk.png","product":"IPad Air","color":"Orange","quantity":9,"price":152500},{"id":"#Cust382","date":"2013-09-21","name":"Anna","country":"China","flag":"china.png","product":"Galaxy Note3","color":"Gray","quantity":10,"price":521500},{"id":"#Cust383","date":"2013-09-20","name":"Steve","country":"USA","flag":"usa.png","product":"IPad Air","color":"Pink","quantity":3,"price":787600},{"id":"#Cust384","date":"2013-09-19","name":"Steve","country":"Korea","flag":"korea.png","product":"IPad Air","color":"Yellow","quantity":1,"price":978900},{"id":"#Cust385","date":"2013-09-18","name":"Jennifer","country":"China","flag":"china.png","product":"IPhone 5S","color":"Gray","quantity":10,"price":290500},{"id":"#Cust386","date":"2013-09-17","name":"Jennifer","country":"Japan","flag":"japan.png","product":"Galaxy Note3","color":"Pink","quantity":7,"price":541000},{"id":"#Cust387","date":"2013-09-16","name":"Jennifer","country":"Korea","flag":"korea.png","product":"Galaxy Note3","color":"Orange","quantity":1,"price":478900},{"id":"#Cust388","date":"2013-09-15","name":"Steve","country":"Ireland","flag":"ireland.png","product":"Galaxy Note3","color":"Pink","quantity":12,"price":273500},{"id":"#Cust389","date":"2013-09-14","name":"Jennifer","country":"USA","flag":"usa.png","product":"Galaxy S5","color":"Pink","quantity":3,"price":478500},{"id":"#Cust390","date":"2013-09-13","name":"Emma","country":"Korea","flag":"korea.png","product":"IPad Air","color":"Orange","quantity":1,"price":582100},{"id":"#Cust391","date":"2013-09-12","name":"Jennifer","country":"China","flag":"china.png","product":"IPad Air","color":"Pink","quantity":10,"price":232600},{"id":"#Cust392","date":"2013-09-11","name":"Steve","country":"Singapore","flag":"singapore.png","product":"IPhone 5S","color":"Pink","quantity":20,"price":767200},{"id":"#Cust393","date":"2013-09-10","name":"Kim","country":"France","flag":"france.png","product":"Galaxy Note3","color":"Green","quantity":1,"price":119200},{"id":"#Cust394","date":"2013-09-09","name":"Anna","country":"USA","flag":"usa.png","product":"IPhone 5S","color":"Violet","quantity":3,"price":41700},{"id":"#Cust395","date":"2013-09-08","name":"Steve","country":"Japan","flag":"japan.png","product":"LG G3","color":"Pink","quantity":7,"price":733700},{"id":"#Cust396","date":"2013-09-07","name":"Emma","country":"Japan","flag":"japan.png","product":"IPad Air","color":"Yellow","quantity":7,"price":256800},{"id":"#Cust397","date":"2013-09-06","name":"Lowrence","country":"Korea","flag":"korea.png","product":"Galaxy S5","color":"Pink","quantity":1,"price":175600},{"id":"#Cust398","date":"2013-09-05","name":"Lowrence","country":"China","flag":"china.png","product":"Galaxy S5","color":"Orange","quantity":10,"price":60100},{"id":"#Cust399","date":"2013-09-04","name":"Anna","country":"Korea","flag":"korea.png","product":"Galaxy Note3","color":"Violet","quantity":1,"price":584000},{"id":"#Cust400","date":"2013-09-03","name":"Jennifer","country":"Singapore","flag":"singapore.png","product":"LG G3","color":"Yellow","quantity":20,"price":750200},{"id":"#Cust401","date":"2013-09-02","name":"Lowrence","country":"Ireland","flag":"ireland.png","product":"LG G3","color":"Yellow","quantity":12,"price":28700},{"id":"#Cust402","date":"2013-09-01","name":"Anna","country":"China","flag":"china.png","product":"Galaxy Note3","color":"Yellow","quantity":10,"price":281700},{"id":"#Cust403","date":"2013-08-31","name":"Steve","country":"Korea","flag":"korea.png","product":"Galaxy Note3","color":"Green","quantity":1,"price":615900},{"id":"#Cust404","date":"2013-08-30","name":"Emma","country":"Ireland","flag":"ireland.png","product":"IPhone 5S","color":"Gray","quantity":12,"price":352500},{"id":"#Cust405","date":"2013-08-29","name":"Anna","country":"USA","flag":"usa.png","product":"IPad Air","color":"Violet","quantity":3,"price":965200},{"id":"#Cust406","date":"2013-08-28","name":"Kim","country":"USA","flag":"usa.png","product":"LG G3","color":"Blue","quantity":3,"price":542100},{"id":"#Cust407","date":"2013-08-27","name":"Jennifer","country":"France","flag":"france.png","product":"LG G3","color":"Green","quantity":1,"price":885600},{"id":"#Cust408","date":"2013-08-26","name":"Jennifer","country":"Ireland","flag":"ireland.png","product":"Galaxy S5","color":"Pink","quantity":12,"price":944800},{"id":"#Cust409","date":"2013-08-25","name":"Emma","country":"China","flag":"china.png","product":"LG G3","color":"Gray","quantity":10,"price":61300},{"id":"#Cust410","date":"2013-08-24","name":"Anna","country":"France","flag":"france.png","product":"LG G3","color":"Pink","quantity":1,"price":394100},{"id":"#Cust411","date":"2013-08-23","name":"Emma","country":"USA","flag":"usa.png","product":"Galaxy Note3","color":"Violet","quantity":3,"price":588100},{"id":"#Cust412","date":"2013-08-22","name":"Jennifer","country":"France","flag":"france.png","product":"IPhone 5S","color":"Orange","quantity":1,"price":889200},{"id":"#Cust413","date":"2013-08-21","name":"Steve","country":"Italy","flag":"italy.png","product":"LG G3","color":"Pink","quantity":15,"price":490100},{"id":"#Cust414","date":"2013-08-20","name":"Kim","country":"Italy","flag":"italy.png","product":"IPad Air","color":"Yellow","quantity":15,"price":222900},{"id":"#Cust415","date":"2013-08-19","name":"Lowrence","country":"Japan","flag":"japan.png","product":"LG G3","color":"Green","quantity":7,"price":700500},{"id":"#Cust416","date":"2013-08-18","name":"Jennifer","country":"Korea","flag":"korea.png","product":"LG G3","color":"Yellow","quantity":1,"price":580800},{"id":"#Cust417","date":"2013-08-17","name":"Steve","country":"UK","flag":"uk.png","product":"Galaxy S5","color":"Yellow","quantity":9,"price":824100},{"id":"#Cust418","date":"2013-08-16","name":"Kim","country":"Ireland","flag":"ireland.png","product":"Galaxy Note3","color":"Gray","quantity":12,"price":971700},{"id":"#Cust419","date":"2013-08-15","name":"Jennifer","country":"France","flag":"france.png","product":"IPhone 5S","color":"Orange","quantity":1,"price":500500},{"id":"#Cust420","date":"2013-08-14","name":"Anna","country":"China","flag":"china.png","product":"IPhone 5S","color":"Yellow","quantity":10,"price":174900},{"id":"#Cust421","date":"2013-08-13","name":"Lowrence","country":"UK","flag":"uk.png","product":"Galaxy Note3","color":"Gray","quantity":9,"price":725200},{"id":"#Cust422","date":"2013-08-12","name":"Anna","country":"UK","flag":"uk.png","product":"Galaxy Note3","color":"Gray","quantity":9,"price":145100},{"id":"#Cust423","date":"2013-08-11","name":"Lowrence","country":"UK","flag":"uk.png","product":"Galaxy S5","color":"Pink","quantity":9,"price":410000},{"id":"#Cust424","date":"2013-08-10","name":"Kim","country":"Korea","flag":"korea.png","product":"LG G3","color":"Violet","quantity":1,"price":684000},{"id":"#Cust425","date":"2013-08-09","name":"Anna","country":"Ireland","flag":"ireland.png","product":"IPad Air","color":"Yellow","quantity":12,"price":749800},{"id":"#Cust426","date":"2013-08-08","name":"Lowrence","country":"Korea","flag":"korea.png","product":"LG G3","color":"Blue","quantity":1,"price":449800},{"id":"#Cust427","date":"2013-08-07","name":"Anna","country":"USA","flag":"usa.png","product":"LG G3","color":"Violet","quantity":3,"price":550700},{"id":"#Cust428","date":"2013-08-06","name":"Steve","country":"China","flag":"china.png","product":"LG G3","color":"Gray","quantity":10,"price":296500},{"id":"#Cust429","date":"2013-08-05","name":"Lowrence","country":"Ireland","flag":"ireland.png","product":"Galaxy Note3","color":"Gray","quantity":12,"price":35800},{"id":"#Cust430","date":"2013-08-04","name":"Anna","country":"USA","flag":"usa.png","product":"IPad Air","color":"Blue","quantity":3,"price":974800},{"id":"#Cust431","date":"2013-08-03","name":"Steve","country":"UK","flag":"uk.png","product":"Galaxy S5","color":"Violet","quantity":9,"price":951300},{"id":"#Cust432","date":"2013-08-02","name":"Jennifer","country":"Korea","flag":"korea.png","product":"IPad Air","color":"Yellow","quantity":1,"price":981100},{"id":"#Cust433","date":"2013-08-01","name":"Steve","country":"Singapore","flag":"singapore.png","product":"Galaxy S5","color":"Pink","quantity":20,"price":874100},{"id":"#Cust434","date":"2013-07-31","name":"Anna","country":"Singapore","flag":"singapore.png","product":"LG G3","color":"Pink","quantity":20,"price":438000},{"id":"#Cust435","date":"2013-07-30","name":"Kim","country":"UK","flag":"uk.png","product":"LG G3","color":"Blue","quantity":9,"price":805900},{"id":"#Cust436","date":"2013-07-29","name":"Anna","country":"Ireland","flag":"ireland.png","product":"IPhone 5S","color":"Orange","quantity":12,"price":366100},{"id":"#Cust437","date":"2013-07-28","name":"Emma","country":"Korea","flag":"korea.png","product":"Galaxy S5","color":"Green","quantity":1,"price":572300},{"id":"#Cust438","date":"2013-07-27","name":"Anna","country":"UK","flag":"uk.png","product":"IPad Air","color":"Violet","quantity":9,"price":312800},{"id":"#Cust439","date":"2013-07-26","name":"Kim","country":"China","flag":"china.png","product":"IPad Air","color":"Violet","quantity":10,"price":313100},{"id":"#Cust440","date":"2013-07-25","name":"Kim","country":"UK","flag":"uk.png","product":"IPad Air","color":"Gray","quantity":9,"price":289200},{"id":"#Cust441","date":"2013-07-24","name":"Kim","country":"Ireland","flag":"ireland.png","product":"LG G3","color":"Yellow","quantity":12,"price":555000},{"id":"#Cust442","date":"2013-07-23","name":"Emma","country":"Italy","flag":"italy.png","product":"Galaxy Note3","color":"Violet","quantity":15,"price":262200},{"id":"#Cust443","date":"2013-07-22","name":"Emma","country":"USA","flag":"usa.png","product":"IPhone 5S","color":"Orange","quantity":3,"price":80300},{"id":"#Cust444","date":"2013-07-21","name":"Jennifer","country":"France","flag":"france.png","product":"IPad Air","color":"Blue","quantity":1,"price":627700},{"id":"#Cust445","date":"2013-07-20","name":"Lowrence","country":"Italy","flag":"italy.png","product":"Galaxy S5","color":"Gray","quantity":15,"price":248900},{"id":"#Cust446","date":"2013-07-19","name":"Lowrence","country":"France","flag":"france.png","product":"LG G3","color":"Blue","quantity":1,"price":710400},{"id":"#Cust447","date":"2013-07-18","name":"Steve","country":"USA","flag":"usa.png","product":"Galaxy S5","color":"Blue","quantity":3,"price":956900},{"id":"#Cust448","date":"2013-07-17","name":"Emma","country":"Italy","flag":"italy.png","product":"Galaxy Note3","color":"Pink","quantity":15,"price":543600},{"id":"#Cust449","date":"2013-07-16","name":"Emma","country":"Ireland","flag":"ireland.png","product":"Galaxy S5","color":"Blue","quantity":12,"price":282400},{"id":"#Cust450","date":"2013-07-15","name":"Kim","country":"Japan","flag":"japan.png","product":"IPhone 5S","color":"Violet","quantity":7,"price":624300},{"id":"#Cust451","date":"2013-07-14","name":"Kim","country":"Singapore","flag":"singapore.png","product":"IPhone 5S","color":"Blue","quantity":20,"price":675600},{"id":"#Cust452","date":"2013-07-13","name":"Kim","country":"Japan","flag":"japan.png","product":"IPhone 5S","color":"Gray","quantity":7,"price":705600},{"id":"#Cust453","date":"2013-07-12","name":"Lowrence","country":"Singapore","flag":"singapore.png","product":"LG G3","color":"Blue","quantity":20,"price":452100},{"id":"#Cust454","date":"2013-07-11","name":"Jennifer","country":"Italy","flag":"italy.png","product":"Galaxy S5","color":"Orange","quantity":15,"price":408600},{"id":"#Cust455","date":"2013-07-10","name":"Lowrence","country":"Italy","flag":"italy.png","product":"IPhone 5S","color":"Blue","quantity":15,"price":481300},{"id":"#Cust456","date":"2013-07-09","name":"Kim","country":"Japan","flag":"japan.png","product":"IPhone 5S","color":"Pink","quantity":7,"price":314600},{"id":"#Cust457","date":"2013-07-08","name":"Lowrence","country":"Italy","flag":"italy.png","product":"LG G3","color":"Violet","quantity":15,"price":403200},{"id":"#Cust458","date":"2013-07-07","name":"Steve","country":"China","flag":"china.png","product":"LG G3","color":"Pink","quantity":10,"price":391800},{"id":"#Cust459","date":"2013-07-06","name":"Lowrence","country":"Italy","flag":"italy.png","product":"Galaxy Note3","color":"Orange","quantity":15,"price":537200},{"id":"#Cust460","date":"2013-07-05","name":"Anna","country":"UK","flag":"uk.png","product":"Galaxy S5","color":"Orange","quantity":9,"price":748500},{"id":"#Cust461","date":"2013-07-04","name":"Anna","country":"Singapore","flag":"singapore.png","product":"Galaxy S5","color":"Yellow","quantity":20,"price":339900},{"id":"#Cust462","date":"2013-07-03","name":"Lowrence","country":"Italy","flag":"italy.png","product":"LG G3","color":"Violet","quantity":15,"price":936800},{"id":"#Cust463","date":"2013-07-02","name":"Lowrence","country":"USA","flag":"usa.png","product":"Galaxy S5","color":"Red","quantity":3,"price":253200},{"id":"#Cust464","date":"2013-07-01","name":"Kim","country":"Italy","flag":"italy.png","product":"IPad Air","color":"Pink","quantity":15,"price":160000},{"id":"#Cust465","date":"2013-06-30","name":"Lowrence","country":"Singapore","flag":"singapore.png","product":"Galaxy Note3","color":"Pink","quantity":20,"price":913800},{"id":"#Cust466","date":"2013-06-29","name":"Emma","country":"USA","flag":"usa.png","product":"IPhone 5S","color":"Orange","quantity":3,"price":272600},{"id":"#Cust467","date":"2013-06-28","name":"Anna","country":"Ireland","flag":"ireland.png","product":"IPad Air","color":"Gray","quantity":12,"price":249500},{"id":"#Cust468","date":"2013-06-27","name":"Jennifer","country":"Singapore","flag":"singapore.png","product":"Galaxy Note3","color":"Pink","quantity":20,"price":631000},{"id":"#Cust469","date":"2013-06-26","name":"Jennifer","country":"China","flag":"china.png","product":"IPhone 5S","color":"Violet","quantity":10,"price":849900},{"id":"#Cust470","date":"2013-06-25","name":"Kim","country":"Japan","flag":"japan.png","product":"Galaxy S5","color":"Violet","quantity":7,"price":258300},{"id":"#Cust471","date":"2013-06-24","name":"Kim","country":"China","flag":"china.png","product":"Galaxy Note3","color":"Gray","quantity":10,"price":138000},{"id":"#Cust472","date":"2013-06-23","name":"Lowrence","country":"France","flag":"france.png","product":"LG G3","color":"Violet","quantity":1,"price":884200},{"id":"#Cust473","date":"2013-06-22","name":"Emma","country":"USA","flag":"usa.png","product":"Galaxy S5","color":"Violet","quantity":3,"price":829000},{"id":"#Cust474","date":"2013-06-21","name":"Kim","country":"China","flag":"china.png","product":"Galaxy Note3","color":"Blue","quantity":10,"price":272800},{"id":"#Cust475","date":"2013-06-20","name":"Kim","country":"UK","flag":"uk.png","product":"IPhone 5S","color":"Green","quantity":9,"price":439200},{"id":"#Cust476","date":"2013-06-19","name":"Emma","country":"Ireland","flag":"ireland.png","product":"LG G3","color":"Green","quantity":12,"price":493000},{"id":"#Cust477","date":"2013-06-18","name":"Jennifer","country":"UK","flag":"uk.png","product":"IPhone 5S","color":"Yellow","quantity":9,"price":27500},{"id":"#Cust478","date":"2013-06-17","name":"Lowrence","country":"USA","flag":"usa.png","product":"Galaxy S5","color":"Blue","quantity":3,"price":252800},{"id":"#Cust479","date":"2013-06-16","name":"Lowrence","country":"UK","flag":"uk.png","product":"LG G3","color":"Orange","quantity":9,"price":81500},{"id":"#Cust480","date":"2013-06-15","name":"Jennifer","country":"Italy","flag":"italy.png","product":"Galaxy Note3","color":"Orange","quantity":15,"price":972200},{"id":"#Cust481","date":"2013-06-14","name":"Emma","country":"Ireland","flag":"ireland.png","product":"IPad Air","color":"Blue","quantity":12,"price":174200},{"id":"#Cust482","date":"2013-06-13","name":"Steve","country":"Korea","flag":"korea.png","product":"LG G3","color":"Yellow","quantity":1,"price":365300},{"id":"#Cust483","date":"2013-06-12","name":"Anna","country":"Japan","flag":"japan.png","product":"Galaxy S5","color":"Orange","quantity":7,"price":159700},{"id":"#Cust484","date":"2013-06-11","name":"Kim","country":"UK","flag":"uk.png","product":"Galaxy Note3","color":"Pink","quantity":9,"price":773300},{"id":"#Cust485","date":"2013-06-10","name":"Jennifer","country":"Ireland","flag":"ireland.png","product":"IPhone 5S","color":"Violet","quantity":12,"price":326500},{"id":"#Cust486","date":"2013-06-09","name":"Kim","country":"USA","flag":"usa.png","product":"Galaxy S5","color":"Yellow","quantity":3,"price":45200},{"id":"#Cust487","date":"2013-06-08","name":"Emma","country":"USA","flag":"usa.png","product":"LG G3","color":"Violet","quantity":3,"price":850400},{"id":"#Cust488","date":"2013-06-07","name":"Emma","country":"Ireland","flag":"ireland.png","product":"LG G3","color":"Yellow","quantity":12,"price":782800},{"id":"#Cust489","date":"2013-06-06","name":"Anna","country":"UK","flag":"uk.png","product":"IPhone 5S","color":"Orange","quantity":9,"price":765300},{"id":"#Cust490","date":"2013-06-05","name":"Emma","country":"USA","flag":"usa.png","product":"IPad Air","color":"Violet","quantity":3,"price":343900},{"id":"#Cust491","date":"2013-06-04","name":"Emma","country":"USA","flag":"usa.png","product":"Galaxy S5","color":"Green","quantity":3,"price":586100},{"id":"#Cust492","date":"2013-06-03","name":"Kim","country":"China","flag":"china.png","product":"IPhone 5S","color":"Violet","quantity":10,"price":373100},{"id":"#Cust493","date":"2013-06-02","name":"Jennifer","country":"UK","flag":"uk.png","product":"IPhone 5S","color":"Blue","quantity":9,"price":770500},{"id":"#Cust494","date":"2013-06-01","name":"Steve","country":"Korea","flag":"korea.png","product":"IPad Air","color":"Yellow","quantity":1,"price":927100},{"id":"#Cust495","date":"2013-05-31","name":"Steve","country":"Japan","flag":"japan.png","product":"Galaxy S5","color":"Green","quantity":7,"price":606300},{"id":"#Cust496","date":"2013-05-30","name":"Kim","country":"Korea","flag":"korea.png","product":"Galaxy S5","color":"Green","quantity":1,"price":391800},{"id":"#Cust497","date":"2013-05-29","name":"Kim","country":"Italy","flag":"italy.png","product":"IPhone 5S","color":"Yellow","quantity":15,"price":889300},{"id":"#Cust498","date":"2013-05-28","name":"Lowrence","country":"Italy","flag":"italy.png","product":"Galaxy S5","color":"Yellow","quantity":15,"price":201200},{"id":"#Cust499","date":"2013-05-27","name":"Steve","country":"Italy","flag":"italy.png","product":"IPhone 5S","color":"Yellow","quantity":15,"price":172800}]