[
    {"data_section":"intro","data_years":"","data_kinds":"","years_num":"","data_title":"","data_img":"","data_alt":"","data_url":"","data_num":"1"},

    {"data_section":"portfolio","data_kinds":"web","data_years":"2016","years_num":"1","data_title":"팝업호텔","data_img":"https://clocktree.cafe24.com/web/portfolio/onepage/data/board/pop2.png","data_alt":"클릭하여 팝업호텔 소개 보기","data_url":"./data/data.html #filter-conbox-contents1","data_num":"1","contents_num":"1"},
    {"data_section":"portfolio","data_kinds":"web","data_years":"2016","years_num":"2","data_title":"맛있는 술집 여기 미술관","data_img":"https://clocktree.cafe24.com/web/portfolio/onepage/data/board/misool2.png","data_alt":"클릭하여 맛있는 술집 여기 미술관 소개 보기","data_url":"./data/data.html #filter-conbox-contents2","data_num":"2","contents_num":"2"},
    {"data_section":"portfolio","data_kinds":"web","data_years":"2016","years_num":"3","data_title":"열정커피","data_img":"https://clocktree.cafe24.com/web/portfolio/onepage/data/board/pascof03.png","data_alt":"클릭하여 열정커피 소개 보기","data_url":"./data/data.html #filter-conbox-contents3","data_num":"3","contents_num":"3"},
    {"data_section":"portfolio","data_kinds":"web","data_years":"2016","years_num":"4","data_title":"Quik & Slow","data_img":"https://clocktree.cafe24.com/web/portfolio/onepage/data/board/w1-1.png","data_alt":"클릭하여 Quik & Slow 소개 보기","data_url":"./data/data.html #filter-conbox-contents4","data_num":"4","contents_num":"4"},
    {"data_section":"portfolio","data_kinds":"web","data_years":"2016","years_num":"5","data_title":"온라인 포트폴리오 모음집","data_img":"https://cl0cktree.github.io/imagebox/wp2.png","data_alt":"클릭하여 온라인 포트폴리오 모음집(2016년 8월까지) 소개 보기","data_url":"./data/data.html #filter-conbox-contents5","data_num":"5","contents_num":"5"},
    {"data_section":"portfolio","data_kinds":"web","data_years":"2016","years_num":"6","data_title":"자투리 홈페이지","data_img":"https://clocktree.cafe24.com/web/portfolio/onepage/data/board/zatoory2.png","data_alt":"클릭하여 자투리 홈페이지 소개 보기","data_url":"./data/data.html #filter-conbox-contents6","data_num":"6","contents_num":"6"},
    {"data_section":"portfolio","data_kinds":"web","data_years":"2016","years_num":"7","data_title":"덤프114","data_img":"https://cl0cktree.github.io/imagebox/dump114-t.png","data_alt":"클릭하여 덤프114 앱 목업 소개 보기","data_url":"./data/data.html #filter-conbox-contents7","data_num":"7","contents_num":"7"},
    {"data_section":"portfolio","data_kinds":"web","data_years":"2016","years_num":"8","data_title":"부동산 홈페이지 샘플1","data_img":"https://cl0cktree.github.io/imagebox/sangweb.png","data_alt":"클릭하여 부동산 홈페이지 샘플1 소개 보기","data_url":"./data/data.html #filter-conbox-contents8","data_num":"8","contents_num":"8"},
    {"data_section":"portfolio","data_kinds":"web","data_years":"2016","years_num":"9","data_title":"밥도장","data_img":"https://cl0cktree.github.io/imagebox/bobstemp-t.png","data_alt":"클릭하여 밥도장 앱 목업 소개 보기","data_url":"./data/data.html #filter-conbox-contents9","data_num":"9","contents_num":"9"},
    {"data_section":"portfolio","data_kinds":"web","data_years":"2016","years_num":"10","data_title":"엑스바디 사내영업용 홈페이지","data_img":"https://cl0cktree.github.io/imagebox/exbody.png","data_alt":"엑스바디 사내영업용 홈페이지 소개 보기","data_url":"./data/data.html #filter-conbox-contents10","data_num":"10","contents_num":"10"},
    {"data_section":"portfolio","data_kinds":"web","data_years":"2016","years_num":"11","data_title":"오늘어때","data_img":"https://clocktree.cafe24.com/web/portfolio/onepage/data/board/todaylove-t.png","data_alt":"오늘어때 사내영업용 홈페이지 소개 보기","data_url":"./data/data.html #filter-conbox-contents11","data_num":"11","contents_num":"11"},
    {"data_section":"portfolio","data_kinds":"web","data_years":"2017","years_num":"1","data_title":"부동산 홈페이지 샘플2","data_img":"https://clocktree.cafe24.com/web/portfolio/onepage/data/board/housetips.png","data_alt":"클릭하여 부동산 홈페이지 샘플2 소개 보기","data_url":"./data/data.html #filter-conbox-contents12","data_num":"1","contents_num":"12"},
    {"data_section":"portfolio","data_kinds":"web","data_years":"2017","years_num":"2","data_title":"어서와","data_img":"https://clocktree.cafe24.com/web/portfolio/onepage/data/board/eoseowa-t.png","data_alt":"클릭하여 어서와 앱 목업 소개 보기","data_url":"./data/data.html #filter-conbox-contents13","data_num":"2","contents_num":"13"},
    {"data_section":"portfolio","data_kinds":"web","data_years":"2017","years_num":"3","data_title":"나란히","data_img":"https://clocktree.cafe24.com/web/portfolio/onepage/data/board/naranhee-t.png","data_alt":"클릭하여 나란히 앱 목업 소개 보기","data_url":"./data/data.html #filter-conbox-contents14","data_num":"3","contents_num":"14"},
    {"data_section":"portfolio","data_kinds":"web","data_years":"2017","years_num":"4","data_title":"용호고시텔","data_img":"https://clocktree.cafe24.com/web/portfolio/onepage/data/board/yhgo-t.png","data_alt":"클릭하여 용호고시텔 홈페이지 소개 보기","data_url":"./data/data.html #filter-conbox-contents15","data_num":"4","contents_num":"15"},
    {"data_section":"portfolio","data_kinds":"web","data_years":"2017","years_num":"5","data_title":"바디랭귀지","data_img":"https://clocktree.cafe24.com/web/portfolio/onepage/data/board/bodylang-t.png","data_alt":"클릭하여 바디랭귀지 앱 목업 소개 보기","data_url":"./data/data.html #filter-conbox-contents16","data_num":"5","contents_num":"16"},
    {"data_section":"portfolio","data_kinds":"web","data_years":"2017","years_num":"6","data_title":"보험구멍가게","data_img":"https://clocktree.cafe24.com/web/portfolio/onepage/data/board/boguga.png","data_alt":"클릭하여 보험구멍가게 홈페이지 소개 보기","data_url":"./data/data.html #filter-conbox-contents17","data_num":"6","contents_num":"17"},
    {"data_section":"portfolio","data_kinds":"web","data_years":"2017","years_num":"7","data_title":"비트코 - 메인페이지","data_img":"https://clocktree.cafe24.com/web/portfolio/onepage/data/board/bitco.png","data_alt":"클릭하여 비트코 - 메인페이지 소개 보기","data_url":"./data/data.html #filter-conbox-contents18","data_num":"7","contents_num":"18"},
    {"data_section":"portfolio","data_kinds":"web","data_years":"2017","years_num":"8","data_title":"있지요","data_img":"https://clocktree.cafe24.com/web/portfolio/onepage/data/board/itjiyo.png","data_alt":"클릭하여 있지요 홈페이지 소개 보기","data_url":"./data/data.html #filter-conbox-contents19","data_num":"8","contents_num":"19"},
    {"data_section":"portfolio","data_kinds":"web","data_years":"2018","years_num":"1","data_title":"온라인 모음집2","data_img":"https://clocktree.cafe24.com/web/portfolio/onepage/data/board/clocktreehome.png","data_alt":"클릭하여 온라인 포트폴리오 모음집(2018년 6월까지) 홈페이지 소개 보기","data_url":"./data/data.html #filter-conbox-contents20","data_num":"1","contents_num":"20"},
    {"data_section":"portfolio","data_kinds":"web","data_years":"2018","years_num":"2","data_title":"새로운 포트폴리오 모음집","data_img":"https://clocktree.cafe24.com/web/portfolio/onepage/data/board/leehome.png","data_alt":"새로운 포트폴리오 사이트 소개 보기","data_url":"./data/data.html #filter-conbox-contents21","data_num":"2","contents_num":"21"},
    {"data_section":"portfolio","data_kinds":"web","data_years":"2018","years_num":"3","data_title":"YBM 초등 영어 5,6학년 DT","data_img":"https://clocktree.cafe24.com/web/portfolio/onepage/data/board/ybm_eng_56.png","data_alt":"YBM 초등 영어 5,6학년 DT 소개 보기","data_url":"./data/data.html #filter-conbox-contents22","data_num":"3","contents_num":"22"},
    {"data_section":"portfolio","data_kinds":"web","data_years":"2019","years_num":"1","data_title":"불스원 기업 홈페이지","data_img":"https://clocktree.cafe24.com/web/portfolio/onepage/data/board/bullsone.png","data_alt":"불스원 기업 홈페이지 소개 보기","data_url":"./data/data.html #filter-conbox-contents23","data_num":"1","contents_num":"23"},
    {"data_section":"portfolio","data_kinds":"web","data_years":"2019","years_num":"2","data_title":"피클플레이 관리자 페이지","data_img":"https://clocktree.cafe24.com/web/portfolio/onepage/data/board/pickleplayadmin.png","data_alt":"피클플레이 관리자 페이지 소개 보기","data_url":"./data/data.html #filter-conbox-contents24","data_num":"2","contents_num":"24"},
    {"data_section":"portfolio","data_kinds":"web","data_years":"2020","years_num":"1","data_title":"레이크우드 컨트리클럽 홈페이지","data_img":"https://clocktree.cafe24.com/web/portfolio/onepage/data/board/lakewoodcc.png","data_alt":"레이크우드 컨트리클럽 홈페이지 소개 보기","data_url":"./data/data.html #filter-conbox-contents25","data_num":"1","contents_num":"25"},
    {"data_section":"portfolio","data_kinds":"web","data_years":"2020","years_num":"2","data_title":"SMART KU 골프 파빌리온 홈페이지","data_img":"https://clocktree.cafe24.com/web/portfolio/onepage/data/board/smartku.png","data_alt":"SMART KU 골프 파빌리온 홈페이지 소개 보기","data_url":"./data/data.html #filter-conbox-contents26","data_num":"2","contents_num":"26"},
    {"data_section":"portfolio","data_kinds":"web","data_years":"2020","years_num":"3","data_title":"플레이어스 골프클럽 홈페이지","data_img":"https://clocktree.cafe24.com/web/portfolio/onepage/data/board/theplayers.png","data_alt":"플레이어스 골프클럽 홈페이지 소개 보기","data_url":"./data/data.html #filter-conbox-contents27","data_num":"3","contents_num":"27"},
    {"data_section":"portfolio","data_kinds":"web","data_years":"2020","years_num":"4","data_title":"순천부영 컨트리클럽 홈페이지","data_img":"https://clocktree.cafe24.com/web/portfolio/onepage/data/board/scbooyoung.png","data_alt":"순천부영 컨트리클럽 홈페이지 소개 보기","data_url":"./data/data.html #filter-conbox-contents28","data_num":"4","contents_num":"28"},
    {"data_section":"portfolio","data_kinds":"web","data_years":"2020","years_num":"5","data_title":"부영 컨트리클럽 홈페이지","data_img":"https://clocktree.cafe24.com/web/portfolio/onepage/data/board/booyoungcc.png","data_alt":"부영 컨트리클럽 홈페이지 소개 보기","data_url":"./data/data.html #filter-conbox-contents29","data_num":"5","contents_num":"29"},
    {"data_section":"portfolio","data_kinds":"web","data_years":"2021","years_num":"1","data_title":"픽스어빌리티 기업 홈페이지","data_img":"https://clocktree.cafe24.com/web/portfolio/onepage/data/board/fixability_tuhm.png","data_alt":"픽스어빌리티 기업 홈페이지 소개 보기","data_url":"./data/data.html #filter-conbox-contents30","data_num":"1","contents_num":"30"},
    {"data_section":"portfolio","data_kinds":"web","data_years":"2021","years_num":"2","data_title":"원픽(OneFix)","data_img":"https://clocktree.cafe24.com/web/portfolio/onepage/data/board/onefix_thum.png","data_alt":"원픽(OneFix) 소개 보기","data_url":"./data/data.html #filter-conbox-contents31","data_num":"2","contents_num":"31"},
    {"data_section":"portfolio","data_kinds":"web","data_years":"2021","years_num":"3","data_title":"KB 마이금고 파트 구축 및 KB 마이머니 운영","data_img":"https://clocktree.cafe24.com/web/portfolio/onepage/data/board/kb_safe.png","data_alt":"KB 마이금고 파트 구축 및 KB 마이머니 운영 소개 보기","data_url":"./data/data.html #filter-conbox-contents32","data_num":"3","contents_num":"32"},
    {"data_section":"portfolio","data_kinds":"web","data_years":"2022","years_num":"1","data_title":"KB 웹 및 웹앱 운영","data_img":"https://clocktree.cafe24.com/web/portfolio/onepage/data/board/kb_biz.png","data_alt":"KB 웹 및 웹앱 운영 소개 보기","data_url":"./data/data.html #filter-conbox-contents33","data_num":"1","contents_num":"33"},
    {"data_section":"portfolio","data_kinds":"web","data_years":"2023","years_num":"1","data_title":"롯데호텔 본점 글로벌 사이트 개편","data_img":"https://clocktree.cafe24.com/web/portfolio/onepage/data/board/lotte_localstitch.png","data_alt":"롯데호텔 본점 글로벌 사이트 개편 소개 보기","data_url":"./data/data.html #filter-conbox-contents33","data_num":"1","contents_num":"34"},
    {"data_section":"portfolio","data_kinds":"web","data_years":"2024","years_num":"1","data_title":"BNK 경남은행 비대면 퇴직연금 파트","data_img":"https://clocktree.cafe24.com/web/portfolio/onepage/data/board/knbank_main.png","data_alt":"BNK 경남은행 비대면 퇴직연금 파트 작업 소개 보기","data_url":"./data/data.html #filter-conbox-contents33","data_num":"1","contents_num":"35"},

    {"data_section":"portfolio","data_kinds":"movie","data_years":"2016","years_num":"12","data_title":"영화 타짜 패러디","data_img":"https://cl0cktree.github.io/imagebox/tajja1.png","data_alt":"영화 타짜 패러디 소개 보기","data_url":"./data/data_m.html #filter-conbox-contents1","data_num":"1","contents_num":"1"},
    {"data_section":"portfolio","data_kinds":"movie","data_years":"2016","years_num":"13","data_title":"검색광고 CF","data_img":"https://cl0cktree.github.io/imagebox/we4.png","data_alt":"검색광고 CF 소개 보기","data_url":"./data/data_m.html #filter-conbox-contents2","data_num":"2","contents_num":"2"},
    {"data_section":"portfolio","data_kinds":"movie","data_years":"2016","years_num":"14","data_title":"비타500 CF공모","data_img":"https://cl0cktree.github.io/imagebox/bita6.png","data_alt":"비타500 CF공모 소개 보기","data_url":"./data/data_m.html #filter-conbox-contents3","data_num":"3","contents_num":"3"},
    {"data_section":"portfolio","data_kinds":"movie","data_years":"2017","years_num":"0","data_title":"내용없음","data_img":"https://cl0cktree.github.io/jsonframe/images/project/mistery3.gif","data_alt":"내용없음 소개 보기","data_url":"./data/data_m.html #filter-conbox-contents4","data_num":"0","contents_num":"4"},
    {"data_section":"portfolio","data_kinds":"movie","data_years":"2018","years_num":"0","data_title":"내용없음","data_img":"https://cl0cktree.github.io/jsonframe/images/project/mistery3.gif","data_alt":"내용없음 소개 보기","data_url":"./data/data_m.html #filter-conbox-contents4","data_num":"0","contents_num":"5"},
    {"data_section":"portfolio","data_kinds":"movie","data_years":"2019","years_num":"0","data_title":"내용없음","data_img":"https://cl0cktree.github.io/jsonframe/images/project/mistery3.gif","data_alt":"내용없음 소개 보기","data_url":"./data/data_m.html #filter-conbox-contents4","data_num":"0","contents_num":"6"},
    {"data_section":"portfolio","data_kinds":"movie","data_years":"2020","years_num":"0","data_title":"내용없음","data_img":"https://cl0cktree.github.io/jsonframe/images/project/mistery3.gif","data_alt":"내용없음 소개 보기","data_url":"./data/data_m.html #filter-conbox-contents4","data_num":"0","contents_num":"7"},
    {"data_section":"portfolio","data_kinds":"movie","data_years":"2021","years_num":"0","data_title":"내용없음","data_img":"https://cl0cktree.github.io/jsonframe/images/project/mistery3.gif","data_alt":"내용없음 소개 보기","data_url":"./data/data_m.html #filter-conbox-contents4","data_num":"0","contents_num":"8"},
    {"data_section":"portfolio","data_kinds":"movie","data_years":"2022","years_num":"0","data_title":"내용없음","data_img":"https://cl0cktree.github.io/jsonframe/images/project/mistery3.gif","data_alt":"내용없음 소개 보기","data_url":"./data/data_m.html #filter-conbox-contents4","data_num":"0","contents_num":"9"},

    {"data_section":"portfolio","data_kinds":"flash","data_years":"2016","years_num":"15","data_title":"플래시 - 토끼 옷갈아 입히기","data_img":"https://clocktree.cafe24.com/web/portfolio/onepage/data/board/rabbit3.png","data_alt":"플래시 - 토끼 옷갈아 입히기 소개 보기","data_url":"./data/data_f.html #filter-conbox-contents1","data_num":"1","contents_num":"1"},
    {"data_section":"portfolio","data_kinds":"flash","data_years":"2016","years_num":"16","data_title":"플래시 - 오락실","data_img":"https://clocktree.cafe24.com/web/portfolio/onepage/data/board/game3.png","data_alt":"플래시 - 오락실 소개 보기","data_url":"./data/data_f.html #filter-conbox-contents2","data_num":"2","contents_num":"2"},
    {"data_section":"portfolio","data_kinds":"flash","data_years":"2017","years_num":"0","data_title":"내용없음","data_img":"https://cl0cktree.github.io/jsonframe/images/project/mistery3.gif","data_alt":"내용없음 소개 보기","data_url":"./data/data_m.html #filter-conbox-contents4","data_num":"0","contents_num":"3"},
    {"data_section":"portfolio","data_kinds":"flash","data_years":"2018","years_num":"0","data_title":"내용없음","data_img":"https://cl0cktree.github.io/jsonframe/images/project/mistery3.gif","data_alt":"내용없음 소개 보기","data_url":"./data/data_m.html #filter-conbox-contents4","data_num":"0","contents_num":"4"},
    {"data_section":"portfolio","data_kinds":"flash","data_years":"2019","years_num":"0","data_title":"내용없음","data_img":"https://cl0cktree.github.io/jsonframe/images/project/mistery3.gif","data_alt":"내용없음 소개 보기","data_url":"./data/data_m.html #filter-conbox-contents4","data_num":"0","contents_num":"5"},
    {"data_section":"portfolio","data_kinds":"flash","data_years":"2020","years_num":"0","data_title":"내용없음","data_img":"https://cl0cktree.github.io/jsonframe/images/project/mistery3.gif","data_alt":"내용없음 소개 보기","data_url":"./data/data_m.html #filter-conbox-contents4","data_num":"0","contents_num":"6"},
    {"data_section":"portfolio","data_kinds":"flash","data_years":"2021","years_num":"0","data_title":"내용없음","data_img":"https://cl0cktree.github.io/jsonframe/images/project/mistery3.gif","data_alt":"내용없음 소개 보기","data_url":"./data/data_m.html #filter-conbox-contents4","data_num":"0","contents_num":"7"},
    {"data_section":"portfolio","data_kinds":"flash","data_years":"2022","years_num":"0","data_title":"내용없음","data_img":"https://cl0cktree.github.io/jsonframe/images/project/mistery3.gif","data_alt":"내용없음 소개 보기","data_url":"./data/data_m.html #filter-conbox-contents4","data_num":"0","contents_num":"8"},

    {"data_section":"portfolio","data_kinds":"image","data_years":"2016","years_num":"17","data_title":"불렛 미니오디오","data_img":"https://cl0cktree.github.io/imagebox/Bullet-t.png","data_alt":"불렛 미니오디오 소개 보기","data_url":"./data/data_g.html #filter-conbox-contents1","data_num":"1","contents_num":"1"},
    {"data_section":"portfolio","data_kinds":"image","data_years":"2016","years_num":"18","data_title":"DVD 플레이어","data_img":"https://clocktree.cafe24.com/web/portfolio/onepage/data/board/dvdplayer.jpg","data_alt":"DVD 플레이어 소개 보기","data_url":"./data/data_g.html #filter-conbox-contents2","data_num":"2","contents_num":"2"},
    {"data_section":"portfolio","data_kinds":"image","data_years":"2016","years_num":"19","data_title":"2D랜더링 립스틱","data_img":"https://clocktree.cafe24.com/web/portfolio/onepage/data/board/diva.jpg","data_alt":"2D랜더링 립스틱 소개 보기","data_url":"./data/data_g.html #filter-conbox-contents3","data_num":"3","contents_num":"3"},
    {"data_section":"portfolio","data_kinds":"image","data_years":"2016","years_num":"20","data_title":"동경소녀","data_img":"https://clocktree.cafe24.com/web/portfolio/onepage/data/board/dream2.png","data_alt":"동경소녀 소개 보기","data_url":"./data/data_g.html #filter-conbox-contents4","data_num":"4","contents_num":"4"},
    {"data_section":"portfolio","data_kinds":"image","data_years":"2016","years_num":"21","data_title":"포트폴리오집2016","data_img":"https://cl0cktree.github.io/imagebox/editing-t2016.png","data_alt":"2016년도 9월까지의 포트폴리오집 소개 보기","data_url":"./data/data_g.html #filter-conbox-contents5","data_num":"5","contents_num":"5"},
    {"data_section":"portfolio","data_kinds":"image","data_years":"2017","years_num":"9","data_title":"포트폴리오집2017","data_img":"https://clocktree.cafe24.com/web/portfolio/onepage/data/board/eidting-t2017.png","data_alt":"2017년도 12월까지의 포트폴리오집 소개 보기","data_url":"./data/data_g.html #filter-conbox-contents6","data_num":"1","contents_num":"6"},
    {"data_section":"portfolio","data_kinds":"image","data_years":"2018","years_num":"4","data_title":"Quadrangle Transform","data_img":"https://clocktree.cafe24.com/web/portfolio/onepage/data/board/1QuadrangleTransformLine.png","data_alt":"Quadrangle Transform Your feelings 소개 보기","data_url":"./data/data_g.html #filter-conbox-contents7","data_num":"1","contents_num":"7"},
    {"data_section":"portfolio","data_kinds":"image","data_years":"2018","years_num":"5","data_title":"Triangle Transform","data_img":"https://clocktree.cafe24.com/web/portfolio/onepage/data/board/triangle_01.png","data_alt":"Triangle Transform Your feelings 소개 보기","data_url":"./data/data_g.html #filter-conbox-contents8","data_num":"2","contents_num":"8"},
    {"data_section":"portfolio","data_kinds":"image","data_years":"2019","years_num":"0","data_title":"내용없음","data_img":"https://cl0cktree.github.io/jsonframe/images/project/mistery3.gif","data_alt":"내용없음 소개 보기","data_url":"./data/data_m.html #filter-conbox-contents4","data_num":"0","contents_num":"9"},
    {"data_section":"portfolio","data_kinds":"image","data_years":"2020","years_num":"0","data_title":"내용없음","data_img":"https://cl0cktree.github.io/jsonframe/images/project/mistery3.gif","data_alt":"내용없음 소개 보기","data_url":"./data/data_m.html #filter-conbox-contents4","data_num":"0","contents_num":"10"},
    {"data_section":"portfolio","data_kinds":"image","data_years":"2021","years_num":"0","data_title":"내용없음","data_img":"https://cl0cktree.github.io/jsonframe/images/project/mistery3.gif","data_alt":"내용없음 소개 보기","data_url":"./data/data_m.html #filter-conbox-contents4","data_num":"0","contents_num":"11"},
    {"data_section":"portfolio","data_kinds":"image","data_years":"2022","years_num":"0","data_title":"내용없음","data_img":"https://cl0cktree.github.io/jsonframe/images/project/mistery3.gif","data_alt":"내용없음 소개 보기","data_url":"./data/data_m.html #filter-conbox-contents4","data_num":"0","contents_num":"12"}
]
